,,,,"2012/07/17 14:59:46.373000",13679,33.0936,-96.8328,33.0936,-96.8328,310410ff3007,133393681,602,172875216,4033968878,47,5,8,310410ff3007,133393681,602,172875216,4033968878,11.5416666666667,"2012/07/17 15:00:00.131000",310410ff3007,133393681,,,,,,,,,,,,,,,,,,,,6277,5599,,,2463,1466,0,0,0,0,5780,5780,10,10,0,0,0,1,,20,1,10,,0,2.578125,4.20940170940171,2.5390625,5.14957264957265,,,,,,,,,,,,,,,,,,,,,,,,,,,,,,,,,,,,,,,,,,,,,,,,,,,,,,,,,,,,,,,,,,,,,,,,,,,,,,,,,,,,,,,,,,,,,,,,,,,,,,,,,,,,,,,,,,,4
,,,,"2012/07/17 14:59:49.003000",11293,33.0839,-96.8278,33.0836,-96.8265,310410ff3001,133393681,610,20870023,3234406039,39,5,8,310410ff3001,133393681,610,20870023,3234406039,8,"2012/07/17 15:00:00.131000",310410ff3001,133393681,,,-102,-8,"2012/07/17 14:59:49.499000",310410ff3001,133393681,19,-100,-8,414,-100,-8.5,,,,,,,2087,1181,,,658,156,0,0,0,0,5780,5780,10,10,0,0,0,1,,20,1,10,,0,2.5,3.53448275862069,2.5390625,5.14957264957265,,,,,,,,,,,,,,,,,,,,,,,,,,,,,,,,,,,,,,,,,,,,,,,,,,,,,,,,,,,,,,,,,,,,,,,,,,,,,,,,,,,,,,,,,,,,,,,,,,,,,,,,,,,,,,,,,,,4
,,,,"2012/07/17 14:58:43.444000",13562,32.9568,-96.8691,32.9577,-96.8701,310410ff3003,133131792,36,180416348,3229266631,33,5,8,310410ff3003,133131792,36,180416348,3229266631,12.8947368421053,"2012/07/17 14:58:57.587000",310410ff3003,133131792,,,,,,,,,,,,,,,,,,,,1815,2746,,,278,298,0,0,0,0,5780,5780,10,10,0,0,0,1,,20,1,10,,0,2.5,2.5,2.5,2.62931034482759,,,,,,,,,,,,,,,,,,,,,,,,,,,,,,,,,,,,,,,,,,,,,,,,,,,,,,,,,,,,,,,,,,,,,,,,,,,,,,,,,,,,,,,,,,,,,,,,,,,,,,,,,,,,,,,,,,,4
,,,,"2012/07/17 15:00:00.113000",133,33.0214,-96.8662,33.0214,-96.8662,310410ff3005,133231121,501,181554040,3496240545,36,5,8,310410ff3005,133231121,501,181554040,3496240545,,,,,,,,,,,,,,,,,,,,,,,,,,,,,,,,,,5780,5780,10,10,0,0,0,1,,,,5,,0,2.5,2.58620689655172,2.5,2.58620689655172,,,,,,,,,,,,,,,,,,,,,,,,,,,,,,,,,,,,,,,,,,,,,,,,,,,,,,,,,,,,,,,,,,,,,,,,,,,,,,,,,,,,,,,,,,,,,,,,,,,,,,,,,,,,,,,,,,,1
,,,,"2012/07/17 14:59:41.326000",13396,33.1249,-96.7666,33.1251,-96.7664,310410ff3006,133513999,266,173621099,3771930910,36,5,8,310410ff3006,133513999,266,173621099,3771930910,11.2916666666667,"2012/07/17 14:59:54.851000",310410ff3006,133513999,,,,,,,,,,,,,,,,,,,,6315,4548,,,3905,1635,0,0,0,0,5780,5780,10,10,0,0,0,1,,20,1,10,,0,2.5,2.54310344827586,2.5,2.5,,,,,,,,,,,,,,,,,,,,,,,,,,,,,,,,,,,,,,,,,,,,,,,,,,,,,,,,,,,,,,,,,,,,,,,,,,,,,,,,,,,,,,,,,,,,,,,,,,,,,,,,,,,,,,,,,,,4
,,,,"2012/07/17 14:58:58.711000",55169,32.8135,-96.8128,32.8135,-96.8128,310410ff3001,133221647,843,196013658,3499893812,41,5,8,310410ff3001,133221647,843,196013658,3499893812,10,"2012/07/17 14:59:53.189000",310410ff3001,133221647,,,,,,,,,,,,,,,,,,,,277773,42856,,,253706,28570,3703,38,17368,729,5780,5780,10,10,0,0,0,1,,20,1,10,,0,2.5,2.5,2.5,2.84188034188034,,,,,,,,,,,,,,,,,,,,,,,,,,,,,,,,,,,,,,,,,,,,,,,,,,,,,,,,,,,,,,,,,,,,,,,,,,,,,,,,,,,,,,,,,,,,,,,,,,,,,,,,,,,,,,,,,,,4
,,,,"2012/07/17 14:59:41.273000",10875,32.9481,-96.882,32.9481,-96.882,310410ff3005,133223184,705,180462157,4033296127,40,5,8,310410ff3005,133223184,705,180462157,4033296127,8,"2012/07/17 14:59:51.922000",310410ff3005,133223184,,,,,,,,,,,,,,,,,,,,127,409,,,0,52,0,0,0,0,5780,5780,10,10,0,0,0,1,,20,1,10,,0,2.5,2.54273504273504,2.5,2.5,,,,,,,,,,,,,,,,,,,,,,,,,,,,,,,,,,,,,,,,,,,,,,,,,,,,,,,,,,,,,,,,,,,,,,,,,,,,,,,,,,,,,,,,,,,,,,,,,,,,,,,,,,,,,,,,,,,4
,,,,"2012/07/17 14:57:47.450000",69090,32.9491,-96.8966,32.9532,-96.8907,310410ff3004,133223185,641,214789565,4039617466,37,5,8,310410ff3004,133223185,641,214789565,4039617466,11.125,"2012/07/17 14:58:56.882000",310410ff3004,133223185,,,,,,,,,,,,,,,,,,,,1075572,239324,,,961199,151928,4675,0,39864,0,5780,5780,10,10,0,0,0,1,,20,1,10,,0,2.5,2.54273504273504,2.5,2.58620689655172,,,,,,,,,,,,,,,,,,,,,,,,,,,,,,,,,,,,,,,,,,,,,,,,,,,,,,,,,,,,,,,,,,,,,,,,,,,,,,,,,,,,,,,,,,,,,,,,,,,,,,,,,,,,,,,,,,,4
,,,,"2012/07/17 14:58:46.256000",10796,32.9611,-96.8874,32.9555,-96.8886,310410ff3002,133223183,677,198505952,3499087334,39,5,8,310410ff3002,133223183,677,198505952,3499087334,8.95833333333333,"2012/07/17 14:58:56.882000",310410ff3002,133223183,,,,,,,,,,,,,,,,,,,,136,589,,,0,52,0,0,0,0,5780,5780,10,10,0,0,0,1,,20,1,10,,0,2.5,2.67241379310345,2.5,2.58620689655172,,,,,,,,,,,,,,,,,,,,,,,,,,,,,,,,,,,,,,,,,,,,,,,,,,,,,,,,,,,,,,,,,,,,,,,,,,,,,,,,,,,,,,,,,,,,,,,,,,,,,,,,,,,,,,,,,,,4
,,,,"2012/07/17 14:58:42.192000",16128,33.1155,-97.0712,33.1084,-97.0788,310410ff3006,134666511,118,262879087,3767180202,33,5,8,310410ff3006,134666511,118,262879087,3767180202,8.83333333333333,"2012/07/17 14:58:58.165000",310410ff3006,134666511,,,,,,,,,,,,,,,,,,,,4251,2987,,,2223,1250,0,0,0,0,5780,5780,10,10,0,0,0,1,,20,1,10,,0,2.5,2.58620689655172,2.734375,2.67094017094017,,,,,,,,,,,,,,,,,,,,,,,,,,,,,,,,,,,,,,,,,,,,,,,,,,,,,,,,,,,,,,,,,,,,,,,,,,,,,,,,,,,,,,,,,,,,,,,,,,,,,,,,,,,,,,,,,,,4
,,,,"2012/07/17 14:57:42.861000",75186,32.8142,-96.8145,32.8127,-96.8156,310410ff3001,133221647,806,199736516,3499893812,41,5,8,310410ff3001,133221647,806,199736516,3499893812,10,"2012/07/17 14:58:58.149000",310410ff3001,133221647,,,,,,,,,,,,,,,,,,,,338035,48094,,,312591,29032,3203,10,15971,590,5780,5780,10,10,0,0,0,1,,20,1,10,,0,2.5390625,20.4310344827586,2.5,2.5,,,,,,,,,,,,,,,,,,,,,,,,,,,,,,,,,,,,,,,,,,,,,,,,,,,,,,,,,,,,,,,,,,,,,,,,,,,,,,,,,,,,,,,,,,,,,,,,,,,,,,,,,,,,,,,,,,,4
,,,,"2012/07/17 14:59:39.641000",11688,32.7992,-96.8153,32.7992,-96.8153,310410ff3006,133143312,1285,1172909,3233795012,38,5,8,310410ff3006,133143312,1285,1172909,3233795012,9.79166666666667,"2012/07/17 14:59:50.730000",310410ff3006,133143312,,,,,,,,,,,,,,,,,,,,7976,6246,,,4090,3387,0,0,0,0,5780,5780,10,10,0,0,0,1,,20,1,10,,0,2.5,2.5,2.5,2.58547008547009,,,,,,,,,,,,,,,,,,,,,,,,,,,,,,,,,,,,,,,,,,,,,,,,,,,,,,,,,,,,,,,,,,,,,,,,,,,,,,,,,,,,,,,,,,,,,,,,,,,,,,,,,,,,,,,,,,,4
,,,,"2012/07/17 14:59:41.286000",10567,32.7997,-96.8157,32.7997,-96.8157,,133143312,1289,5411967,,,,,310410ff3006,133143312,1289,5411967,,11.4782608695652,"2012/07/17 14:59:50.730000",310410ff3006,133143312,,,,,,,,,,,,,,,,,,,,296,529,,,,,0,0,0,0,,,,,,,,1,,20,1,10,,0,,,2.5,2.58547008547009,,,,,,,,,,,,,,,,,,,,,,,,,,,,,,,,,,,,,,,,,,,,,,,,,,,,,,,,,,,,,,,,,,,,,,,,,,,,,,,,,,,,,,,,,,,,,,,,,,,,,,,,,,,,,,,,,,,4
,,,,"2012/07/17 14:58:48.248000",10973,32.8009,-96.8208,32.8023,-96.8193,310410ff3008,133143313,1263,25444805,4036056692,42,5,8,310410ff3008,133143313,1263,25444805,4036056692,7.64,"2012/07/17 14:58:59.530000",310410ff3008,133143313,,,,,,,,,,,,,,,,,,,,1261,928,,,95,149,0,0,0,0,5780,5780,10,10,0,0,0,1,,20,1,10,,0,2.5,3.05555555555556,2.5,2.54310344827586,,,,,,,,,,,,,,,,,,,,,,,,,,,,,,,,,,,,,,,,,,,,,,,,,,,,,,,,,,,,,,,,,,,,,,,,,,,,,,,,,,,,,,,,,,,,,,,,,,,,,,,,,,,,,,,,,,,4
,,,,"2012/07/17 14:59:39.850000",11634,33.1525,-96.8154,33.1525,-96.8155,310410ff3005,133331215,58,32823031,4037145533,34,5,8,310410ff3005,133195025,1049,202950162,4037145533,8.33333333333333,"2012/07/17 14:59:50.825000",310410ff3005,133195025,,,-102,-14,"2012/07/17 14:59:46.815000",310410ff3005,133331215,188,-96,-7.5,,,,,,,,,,1585,2377,,,92,132,0,0,0,0,5780,5780,10,10,0,0,0,1,,20,1,10,,0,2.5,2.5,2.5,5.25862068965517,,1,,,,,"2012/07/17 14:59:46.816000",133331215,133195025,4.54166666666667,10,,,-102,-14,1,188,-96,-7.5,,,,,,,2,0,310410ff3005,310410ff3005,33.0707,-96.4753,2.5,2.5,,,,,,,,,,,,,,,,,,,,,,,,,,,,,,,,,,,,,,,,,,,,,,,,,,,,,,,,,,,,,,,,,,,,,,,,,,,,,,,,,,4
,,,,"2012/07/17 14:59:33.806000",17534,33.1469,-96.8131,33.1512,-96.8129,310410ff3003,133195023,1037,13809172,3490946247,41,5,8,310410ff3003,133195025,1037,13809172,3490946247,10.75,"2012/07/17 14:59:50.825000",310410ff3003,133195025,,,-84,-13,"2012/07/17 14:59:38.935000",310410ff3003,133195023,188,-78,-6.5,,,,,,,,,,1101,1590,,,92,52,0,0,0,0,5780,5780,10,10,0,0,0,1,,20,1,10,,0,2.5,2.7991452991453,2.5,5.25862068965517,1,,,,,,"2012/07/17 14:59:38.936000",133195023,133195025,9.66666666666667,9,,,-84,-13,1,188,-78,-6.5,,,,,,,1,0,310410ff3003,310410ff3003,33.1521,-96.8139,2.5,2.7991452991453,,,,,,,,,,,,,,,,,,,,,,,,,,,,,,,,,,,,,,,,,,,,,,,,,,,,,,,,,,,,,,,,,,,,,,,,,,,,,,,,,,4
,,,,"2012/07/17 14:59:54.780000",2132,33.1965,-97.1235,33.1965,-97.1235,310410ff3008,133204240,1304,63850142,3231832383,939,5,8,310410ff3008,133204240,1304,63850142,3231832383,5.95238095238095,"2012/07/17 14:59:56.177000",310410ff3008,133204240,,,,,,,,,,,,,,,,,,,,1632,432,1,,378,0,0,0,0,0,5780,5780,10,10,0,0,0,,,,,11,,2,2.5,2.71367521367521,2.5,2.58620689655172,,,,,,,,,,,,,,,,,,,,,,,,,,,,,,,,,,,,,,,,,,,,,,,,,,,,,,,,,,,,,,,,,,,,,,,,,,,,,,,,,,,,,,,,,,,,,,,,,,,,,,,,,,,,,,,,,,,2
,,,,"2012/07/17 14:59:34.356000",18874,33.0055,-96.8799,33.0055,-96.8799,310410ff3007,133192976,1436,172688929,4034642545,25,5,8,310410ff3007,133192976,1436,172688929,4034642545,9,"2012/07/17 14:59:53.712000",310410ff3007,133192976,,,,,,,,,,,,,,,,,,,,34968,14813,,,25660,7221,3576,0,25320,0,5780,5780,10,10,0,0,0,1,,20,1,10,,0,2.5,2.62931034482759,2.5,2.62931034482759,,,,,,,,,,,,,,,,,,,,,,,,,,,,,,,,,,,,,,,,,,,,,,,,,,,,,,,,,,,,,,,,,,,,,,,,,,,,,,,,,,,,,,,,,,,,,,,,,,,,,,,,,,,,,,,,,,,4
,,,,"2012/07/17 14:58:41.313000",16716,33.0697,-96.9294,33.0573,-96.9179,310410ff3006,133164305,1078,51680678,3505452416,35,5,8,310410ff3006,133164305,1078,51680678,3505452416,9.17647058823529,"2012/07/17 14:58:58.711000",310410ff3006,133164305,,,,,,,,,,,,,,,,,,,,208643,36718,,,198117,30782,776,79,10853,670,5780,5780,10,10,0,0,0,1,,20,1,10,,0,2.5,2.5,2.5,2.54310344827586,,,,,,,,,,,,,,,,,,,,,,,,,,,,,,,,,,,,,,,,,,,,,,,,,,,,,,,,,,,,,,,,,,,,,,,,,,,,,,,,,,,,,,,,,,,,,,,,,,,,,,,,,,,,,,,,,,,4
,,,,"2012/07/17 14:58:46.366000",10911,33.0057,-96.8823,33.0146,-96.8825,310410ff3003,133192976,1424,16558673,3501411384,42,5,8,310410ff3003,133192976,1424,16558673,3501411384,9,"2012/07/17 14:58:57.392000",310410ff3003,133192976,,,,,,,,,,,,,,,,,,,,955,548,,,52,105,0,0,0,0,5780,5780,10,10,0,0,0,1,,20,1,10,,0,2.5,2.71551724137931,2.5,2.54310344827586,,,,,,,,,,,,,,,,,,,,,,,,,,,,,,,,,,,,,,,,,,,,,,,,,,,,,,,,,,,,,,,,,,,,,,,,,,,,,,,,,,,,,,,,,,,,,,,,,,,,,,,,,,,,,,,,,,,4
,,,,"2012/07/17 14:58:32.227000",24559,32.9831,-96.984,32.9783,-96.9903,310410ff3005,133284368,1167,237465170,4037512691,41,5,8,310410ff3005,133284368,1167,237465170,4037512691,10,"2012/07/17 14:58:56.196000",310410ff3005,133284368,,,,,,,,,,,,,,,,,,,,2200,3167,,,359,380,0,0,0,0,5780,5780,10,10,0,0,0,1,,20,1,10,,0,2.5,2.5,2.5,2.71551724137931,,,,,,,,,,,,,,,,,,,,,,,,,,,,,,,,,,,,,,,,,,,,,,,,,,,,,,,,,,,,,,,,,,,,,,,,,,,,,,,,,,,,,,,,,,,,,,,,,,,,,,,,,,,,,,,,,,,4
,,,,"2012/07/17 14:59:12.697000",37928,32.9956,-96.8485,32.9956,-96.8486,310410ff3002,133423377,43,62808653,4040717296,38,5,8,310410ff3002,133423377,43,62808653,4040717296,6.54166666666667,"2012/07/17 14:59:50.427000",310410ff3002,133423377,,,,,,,,,,,,,,,,,,,,69216,17282,,,59259,10471,434,0,8711,0,5780,5780,10,10,0,0,0,1,,20,1,10,,0,2.5,9.67948717948718,2.5,2.67094017094017,,,,,,,,,,,,,,,,,,,,,,,,,,,,,,,,,,,,,,,,,,,,,,,,,,,,,,,,,,,,,,,,,,,,,,,,,,,,,,,,,,,,,,,,,,,,,,,,,,,,,,,,,,,,,,,,,,,4
,,,,"2012/07/17 14:58:45.307000",10891,33.1457,-97.0654,33.1354,-97.0651,310410ff3005,133184017,183,59822319,4038357722,40,5,8,310410ff3005,133184017,183,59822319,4038357722,8.16666666666667,"2012/07/17 14:58:55.969000",310410ff3005,133184017,,,,,,,,,,,,,,,,,,,,1046,1163,,,42,82,0,0,0,0,5780,5780,10,10,0,0,0,1,,20,1,10,,0,2.53937007874016,3.61111111111111,2.61811023622047,7.19827586206897,,,,,,,,,,,,,,,,,,,,,,,,,,,,,,,,,,,,,,,,,,,,,,,,,,,,,,,,,,,,,,,,,,,,,,,,,,,,,,,,,,,,,,,,,,,,,,,,,,,,,,,,,,,,,,,,,,,4
,,,,"2012/07/17 14:58:47.481000",10865,33.1536,-97.0524,33.1422,-97.0617,310410ff3008,133184015,185,13636291,3229821084,39,5,8,310410ff3008,133184015,185,13636291,3229821084,6.95833333333333,"2012/07/17 14:58:58.529000",310410ff3008,133184015,,,,,,,,,,,,,,,,,,,,1026,1480,,,52,101,0,0,0,0,5780,5780,10,10,0,0,0,1,,20,1,10,,0,3.12015503875969,10.1495726495727,2.65625,3.01282051282051,,,,,,,,,,,,,,,,,,,,,,,,,,,,,,,,,,,,,,,,,,,,,,,,,,,,,,,,,,,,,,,,,,,,,,,,,,,,,,,,,,,,,,,,,,,,,,,,,,,,,,,,,,,,,,,,,,,4
,,,,"2012/07/17 14:58:46.674000",11480,33.1247,-97.0551,33.1256,-97.0514,310410ff3002,133184016,184,32800341,3499937301,41,5,8,310410ff3002,133184016,184,32800341,3499937301,12.7391304347826,"2012/07/17 14:58:58.529000",310410ff3002,133184016,,,,,,,,,,,,,,,,,,,,5487,4509,,,2986,1445,0,0,0,0,5780,5780,10,10,0,0,0,1,,20,1,10,,0,2.5,2.88793103448276,2.65625,3.01282051282051,,,,,,,,,,,,,,,,,,,,,,,,,,,,,,,,,,,,,,,,,,,,,,,,,,,,,,,,,,,,,,,,,,,,,,,,,,,,,,,,,,,,,,,,,,,,,,,,,,,,,,,,,,,,,,,,,,,4
,,,,"2012/07/17 14:58:49.366000",10815,33.0107,-96.8753,33.0118,-96.8803,310410ff3006,133192976,1427,252089310,3768685849,40,5,8,310410ff3006,133192976,1427,252089310,3768685849,9.66666666666667,"2012/07/17 14:58:59.952000",310410ff3006,133192976,,,,,,,,,,,,,,,,,,,,530,557,,,0,87,0,0,0,0,5780,5780,10,10,0,0,0,1,,20,1,10,,0,2.5,2.58620689655172,2.5,2.54310344827586,,,,,,,,,,,,,,,,,,,,,,,,,,,,,,,,,,,,,,,,,,,,,,,,,,,,,,,,,,,,,,,,,,,,,,,,,,,,,,,,,,,,,,,,,,,,,,,,,,,,,,,,,,,,,,,,,,,4
,,,,"2012/07/17 14:58:44.581000",11000,33.1725,-96.6871,33.1745,-96.6807,310410ff3005,133516561,845,49542376,3502632245,43,5,8,310410ff3005,133516561,845,49542376,3502632245,11,"2012/07/17 14:58:55.795000",310410ff3005,133516561,,,,,,,,,,,,,,,,,,,,1183,1768,,,104,104,0,0,0,0,5780,5780,10,10,0,0,0,1,,20,1,10,,0,2.5,2.62931034482759,2.5,2.62931034482759,,,,,,,,,,,,,,,,,,,,,,,,,,,,,,,,,,,,,,,,,,,,,,,,,,,,,,,,,,,,,,,,,,,,,,,,,,,,,,,,,,,,,,,,,,,,,,,,,,,,,,,,,,,,,,,,,,,4
,,,,"2012/07/17 14:57:45.824000",72534,33.1663,-96.6713,33.1664,-96.6676,310410ff3001,133516560,803,61438329,3773609628,39,5,8,310410ff3001,133516560,803,61438329,3773609628,14,"2012/07/17 14:58:58.355000",310410ff3001,133516560,,,,,,,,,,,,,,,,,,,,304168,138588,,,253951,102648,3979,24,23712,1153,5780,5780,10,10,0,0,0,1,,20,1,10,,0,2.5,2.67241379310345,2.5,2.67241379310345,,,,,,,,,,,,,,,,,,,,,,,,,,,,,,,,,,,,,,,,,,,,,,,,,,,,,,,,,,,,,,,,,,,,,,,,,,,,,,,,,,,,,,,,,,,,,,,,,,,,,,,,,,,,,,,,,,,4
,,,,"2012/07/17 14:58:48.307000",10927,33.135,-97.0694,33.1326,-97.0663,310410ff3001,133184017,187,182565542,3230695291,41,5,8,310410ff3001,133184017,187,182565542,3230695291,12.8,"2012/07/17 14:58:59.809000",310410ff3001,133184017,,,,,,,,,,,,,,,,,,,,1022,1733,,,54,52,0,0,0,0,5780,5780,10,10,0,0,0,1,,20,1,10,,0,2.65748031496063,7.67241379310345,2.5390625,2.62931034482759,,,,,,,,,,,,,,,,,,,,,,,,,,,,,,,,,,,,,,,,,,,,,,,,,,,,,,,,,,,,,,,,,,,,,,,,,,,,,,,,,,,,,,,,,,,,,,,,,,,,,,,,,,,,,,,,,,,4
,,,,"2012/07/17 14:59:46.063000",11226,33.2443,-97.0747,33.2443,-97.0747,310410ff3002,134660367,495,44508590,3231297751,39,5,8,310410ff3002,134660367,495,44508590,3231297751,9,"2012/07/17 14:59:57.544000",310410ff3002,134660367,,,,,,,,,,,,,,,,,,,,1552,2458,,,133,285,0,0,0,0,5780,5780,10,10,0,0,0,1,,20,1,10,,0,2.5,2.58620689655172,2.5,2.84188034188034,,,,,,,,,,,,,,,,,,,,,,,,,,,,,,,,,,,,,,,,,,,,,,,,,,,,,,,,,,,,,,,,,,,,,,,,,,,,,,,,,,,,,,,,,,,,,,,,,,,,,,,,,,,,,,,,,,,4
,,,,"2012/07/17 14:59:48.660000",10877,33.2406,-97.1128,33.2406,-97.1128,310410ff3001,134660369,496,248809454,4040665248,33,5,8,310410ff3001,134660369,496,248809454,4040665248,7.79166666666667,"2012/07/17 14:59:58.824000",310410ff3001,134660369,,,,,,,,,,,,,,,,,,,,925,1011,,,63,40,0,0,0,0,5780,5780,10,10,0,0,0,1,,20,1,10,,0,2.578125,3.75,2.5,2.80172413793103,,,,,,,,,,,,,,,,,,,,,,,,,,,,,,,,,,,,,,,,,,,,,,,,,,,,,,,,,,,,,,,,,,,,,,,,,,,,,,,,,,,,,,,,,,,,,,,,,,,,,,,,,,,,,,,,,,,4
,,,,"2012/07/17 14:58:44.268000",12537,33.0045,-96.8598,33.0103,-96.8618,310410ff3004,134704913,780,49301963,3769942217,34,5,8,310410ff3004,134704913,780,49301963,3769942217,13,"2012/07/17 14:58:56.799000",310410ff3004,134704913,,,,,,,,,,,,,,,,,,,,11752,2511,,,8441,689,0,0,0,0,5780,5780,10,10,0,0,0,1,,20,1,10,,0,2.65625,3.05555555555556,2.5,2.67241379310345,,,,,,,,,,,,,,,,,,,,,,,,,,,,,,,,,,,,,,,,,,,,,,,,,,,,,,,,,,,,,,,,,,,,,,,,,,,,,,,,,,,,,,,,,,,,,,,,,,,,,,,,,,,,,,,,,,,4
,,,,"2012/07/17 14:58:40.428000",17364,33.0073,-96.867,33.0102,-96.8613,310410ff3002,134704913,778,252484436,4038815928,42,5,8,310410ff3002,134704913,778,252484436,4038815928,9.5,"2012/07/17 14:58:56.799000",310410ff3002,134704913,,,,,,,,,,,,,,,,,,,,2709,3335,,,789,1426,0,0,0,0,5780,5780,10,10,0,0,0,1,,20,1,10,,0,2.6171875,3.75,2.5,2.67241379310345,,,,,,,,,,,,,,,,,,,,,,,,,,,,,,,,,,,,,,,,,,,,,,,,,,,,,,,,,,,,,,,,,,,,,,,,,,,,,,,,,,,,,,,,,,,,,,,,,,,,,,,,,,,,,,,,,,,4
,,,,"2012/07/17 14:59:32.195000",24017,33.1933,-97.1879,33.1933,-97.1879,310410ff3008,134684945,760,217289600,4035190937,35,5,8,310410ff3008,134684945,760,217289600,4035190937,9.45833333333333,"2012/07/17 14:59:55.828000",310410ff3008,134684945,,,,,,,,,,,,,,,,,,,,15500,9093,,,11155,4613,874,48,15744,872,5780,5780,10,10,0,0,0,1,,20,1,10,,0,2.5,2.71367521367521,2.5,2.62931034482759,,,,,,,,,,,,,,,,,,,,,,,,,,,,,,,,,,,,,,,,,,,,,,,,,,,,,,,,,,,,,,,,,,,,,,,,,,,,,,,,,,,,,,,,,,,,,,,,,,,,,,,,,,,,,,,,,,,4
,,,,"2012/07/17 14:59:44.213000",10844,33.0721,-96.8804,33.0719,-96.8809,310410ff3002,133311504,102,213741389,3767266881,38,5,8,310410ff3002,133311504,102,213741389,3767266881,6.25,"2012/07/17 14:59:54.847000",310410ff3002,133311504,,,,,,,,,,,,,,,,,,,,289,608,,,40,80,0,0,0,0,5780,5780,10,10,0,0,0,1,,20,1,10,,0,2.578125,5.38793103448276,2.890625,2.71551724137931,,,,,,,,,,,,,,,,,,,,,,,,,,,,,,,,,,,,,,,,,,,,,,,,,,,,,,,,,,,,,,,,,,,,,,,,,,,,,,,,,,,,,,,,,,,,,,,,,,,,,,,,,,,,,,,,,,,4
,,,,"2012/07/17 14:58:44.546000",11046,33.0971,-96.8754,33.0898,-96.8788,310410ff3004,133311503,54,14916811,3229735253,32,5,8,310410ff3004,133311503,54,14916811,3229735253,5,"2012/07/17 14:58:55.967000",310410ff3004,133311503,,,,,,,,,,,,,,,,,,,,1207,1495,,,93,133,0,0,0,0,5780,5780,10,10,0,0,0,1,,20,1,10,,0,2.5,2.54310344827586,2.5,2.71551724137931,,,,,,,,,,,,,,,,,,,,,,,,,,,,,,,,,,,,,,,,,,,,,,,,,,,,,,,,,,,,,,,,,,,,,,,,,,,,,,,,,,,,,,,,,,,,,,,,,,,,,,,,,,,,,,,,,,,4
,,,,"2012/07/17 14:58:46.739000",10913,33.0896,-96.8904,33.0877,-96.8944,310410ff3006,133311505,59,47263921,4040393063,33,5,8,310410ff3006,133311505,59,47263921,4040393063,12.9583333333333,"2012/07/17 14:58:57.247000",310410ff3006,133311505,,,,,,,,,,,,,,,,,,,,1877,1814,,,434,240,0,0,0,0,5780,5780,10,10,0,0,0,1,,20,1,10,,0,2.5,2.62820512820513,2.5,2.58547008547009,,,,,,,,,,,,,,,,,,,,,,,,,,,,,,,,,,,,,,,,,,,,,,,,,,,,,,,,,,,,,,,,,,,,,,,,,,,,,,,,,,,,,,,,,,,,,,,,,,,,,,,,,,,,,,,,,,,4
,,,,"2012/07/17 14:58:49.180000",10808,33.0836,-96.9134,33.0887,-96.8914,310410ff3005,133311505,61,35898286,3765327383,33,5,8,310410ff3005,133311505,61,35898286,3765327383,6.375,"2012/07/17 14:58:59.807000",310410ff3005,133311505,,,,,,,,,,,,,,,,,,,,14,633,,,,,0,0,0,0,5780,5780,10,10,0,0,0,1,,20,1,10,,0,2.6953125,3.73931623931624,2.5,2.67094017094017,,,,,,,,,,,,,,,,,,,,,,,,,,,,,,,,,,,,,,,,,,,,,,,,,,,,,,,,,,,,,,,,,,,,,,,,,,,,,,,,,,,,,,,,,,,,,,,,,,,,,,,,,,,,,,,,,,,4
,,,,"2012/07/17 14:59:41.819000",10387,32.973,-96.908,32.9732,-96.9076,310410ff3002,134693136,559,41653431,3771083013,39,5,8,310410ff3002,133174545,956,206001819,3771083013,7.15789473684211,"2012/07/17 14:59:52.752000",310410ff3002,133174545,,,-102,-10.5,"2012/07/17 14:59:47.560000",310410ff3002,133157904,431,-98,-3.5,,,,,,,,,,2309,2201,,,54,52,0,0,0,0,5780,5780,10,10,0,0,0,1,,20,1,10,,0,2.5,2.62820512820513,2.5,2.54310344827586,,2,,,,,"2012/07/17 14:59:47.561000",133157904,133174545,4.2,7,,,-102,-10.5,1,431,-98,-3.5,,,,,,,2,0,310410ff3002,310410ff3002,32.9018,-96.5802,2.5,2.54310344827586,"2012/07/17 14:59:42.277000",134693136,133157904,4.84210526315789,5,,,-103,-13.5,1,349,-98,-7.5,,,,,,,2,0,310410ff3002,310410ff3002,32.9016,-96.5925,2.5,2.62820512820513,,,,,,,,,,,,,,,,,,,,,,,,,,,,,,,,,,,,,,,,,,,,,,,,,,,,,,,4
,,,,"2012/07/17 14:58:47.648000",10640,33.0073,-96.8687,33.0125,-96.8656,310410ff3008,134704913,785,174036536,3498637557,41,5,8,310410ff3008,134704913,785,174036536,3498637557,6.56,"2012/07/17 14:58:58.079000",310410ff3008,134704913,,,,,,,,,,,,,,,,,,,,1241,1506,,,,,0,0,0,0,5780,5780,10,10,0,0,0,1,,20,1,10,,0,2.5390625,2.67094017094017,2.5,2.54273504273504,,,,,,,,,,,,,,,,,,,,,,,,,,,,,,,,,,,,,,,,,,,,,,,,,,,,,,,,,,,,,,,,,,,,,,,,,,,,,,,,,,,,,,,,,,,,,,,,,,,,,,,,,,,,,,,,,,,4
,,,,"2012/07/17 14:59:45.370000",10844,32.9937,-96.8568,32.9937,-96.8568,310410ff3001,133172751,933,33517995,3231241402,39,5,8,310410ff3001,133172751,933,33517995,3231241402,7.33333333333333,"2012/07/17 14:59:56.937000",310410ff3001,133172751,,,,,,,,,,,,,,,,,,,,901,995,,,40,0,0,0,0,0,5780,5780,10,10,0,0,0,1,,20,1,10,,0,2.5,2.58547008547009,2.5,2.54273504273504,,,,,,,,,,,,,,,,,,,,,,,,,,,,,,,,,,,,,,,,,,,,,,,,,,,,,,,,,,,,,,,,,,,,,,,,,,,,,,,,,,,,,,,,,,,,,,,,,,,,,,,,,,,,,,,,,,,4
,,,,"2012/07/17 14:59:42.949000",12327,33.1074,-97.2609,33.1074,-97.2608,310410ff3002,133688593,1256,255261465,3230958233,37,5,8,310410ff3002,133688593,1256,255261465,3230958233,12,"2012/07/17 14:59:54.443000",310410ff3002,133688593,,,,,,,,,,,,,,,,,,,,3026,8528,,,1093,5026,0,0,0,0,5780,5780,10,10,0,0,0,1,,20,1,10,,0,2.5,16.0470085470085,2.5,2.75641025641026,,,,,,,,,,,,,,,,,,,,,,,,,,,,,,,,,,,,,,,,,,,,,,,,,,,,,,,,,,,,,,,,,,,,,,,,,,,,,,,,,,,,,,,,,,,,,,,,,,,,,,,,,,,,,,,,,,,4
,,,,"2012/07/17 14:59:48.633000",10816,32.9956,-96.9087,32.9956,-96.9087,310410ff3006,133312272,842,206031929,3234507999,41,5,8,310410ff3006,133312272,842,206031929,3234507999,11,"2012/07/17 14:59:58.852000",310410ff3006,133312272,,,,,,,,,,,,,,,,,,,,1029,1251,,,156,128,0,0,0,0,5780,5780,10,10,0,0,0,1,,20,1,10,,0,2.5,2.54310344827586,2.5,2.62931034482759,,,,,,,,,,,,,,,,,,,,,,,,,,,,,,,,,,,,,,,,,,,,,,,,,,,,,,,,,,,,,,,,,,,,,,,,,,,,,,,,,,,,,,,,,,,,,,,,,,,,,,,,,,,,,,,,,,,4
,,,,"2012/07/17 14:59:42.443000",10819,33.0686,-96.6899,33.0686,-96.6899,310410ff3002,133399567,1284,28440257,3233573511,34,5,8,310410ff3002,133399567,1284,28440257,3233573511,11.125,"2012/07/17 14:59:53.909000",310410ff3002,133399567,,,,,,,,,,,,,,,,,,,,1237,1425,,,185,52,0,0,0,0,5780,5780,10,10,0,0,0,1,,20,1,10,,0,2.5,3.01724137931034,2.5,2.97413793103448,,,,,,,,,,,,,,,,,,,,,,,,,,,,,,,,,,,,,,,,,,,,,,,,,,,,,,,,,,,,,,,,,,,,,,,,,,,,,,,,,,,,,,,,,,,,,,,,,,,,,,,,,,,,,,,,,,,4
,,,,"2012/07/17 14:59:41.363000",10875,33.0698,-96.6893,33.0698,-96.6893,310410ff3003,133399567,1283,245037166,3771620718,32,5,8,310410ff3003,133399567,1283,245037166,3771620718,9.45454545454546,"2012/07/17 14:59:52.629000",310410ff3003,133399567,,,,,,,,,,,,,,,,,,,,1415,2910,,,242,156,0,0,0,0,5780,5780,10,10,0,0,0,1,,20,1,10,,0,2.5,3.18376068376068,2.5,2.88793103448276,,,,,,,,,,,,,,,,,,,,,,,,,,,,,,,,,,,,,,,,,,,,,,,,,,,,,,,,,,,,,,,,,,,,,,,,,,,,,,,,,,,,,,,,,,,,,,,,,,,,,,,,,,,,,,,,,,,4
,,,,"2012/07/17 14:59:43.916000",10638,33.0517,-96.6846,33.0517,-96.6846,310410ff3008,133399568,1286,246786817,3499614290,42,5,8,310410ff3008,133399568,1286,246786817,3499614290,6.4,"2012/07/17 14:59:53.910000",310410ff3008,133399568,,,,,,,,,,,,,,,,,,,,1167,913,,,,,0,0,0,0,5780,5780,10,10,0,0,0,1,,20,1,10,,0,2.5,2.92735042735043,2.5,2.97413793103448,,,,,,,,,,,,,,,,,,,,,,,,,,,,,,,,,,,,,,,,,,,,,,,,,,,,,,,,,,,,,,,,,,,,,,,,,,,,,,,,,,,,,,,,,,,,,,,,,,,,,,,,,,,,,,,,,,,4
,,,,"2012/07/17 14:58:27.842000",28321,33.1416,-97.2321,33.1207,-97.2442,310410ff3004,133688591,1226,176126843,3771810765,47,5,8,310410ff3004,133688591,1226,176126843,3771810765,6.58823529411765,"2012/07/17 14:58:56.843000",310410ff3004,133688591,,,,,,,,,,,,,,,,,,,,2540,3315,,,141,414,0,2,0,53,5780,5780,10,10,0,0,0,1,,20,1,10,,0,2.5,2.8448275862069,2.6953125,3.06034482758621,,,,,,,,,,,,,,,,,,,,,,,,,,,,,,,,,,,,,,,,,,,,,,,,,,,,,,,,,,,,,,,,,,,,,,,,,,,,,,,,,,,,,,,,,,,,,,,,,,,,,,,,,,,,,,,,,,,4
,,,,"2012/07/17 14:58:45.829000",11810,33.0857,-97.2626,33.1132,-97.2526,310410ff3004,133688593,1232,169594974,3770133004,35,5,8,310410ff3004,133688593,1232,169594974,3770133004,5.29166666666667,"2012/07/17 14:58:56.843000",310410ff3004,133688593,,,,,,,,,,,,,,,,,,,,16056,6609,,,12306,3828,1503,47,8551,306,5780,5780,10,10,0,0,0,1,,20,1,10,,0,2.5,2.67241379310345,2.6953125,3.06034482758621,,,,,,,,,,,,,,,,,,,,,,,,,,,,,,,,,,,,,,,,,,,,,,,,,,,,,,,,,,,,,,,,,,,,,,,,,,,,,,,,,,,,,,,,,,,,,,,,,,,,,,,,,,,,,,,,,,,4
,,,,"2012/07/17 14:59:40.675000",11417,32.9072,-96.8707,32.9072,-96.8707,310410ff3001,134678032,265,204618322,4032732539,37,5,8,310410ff3001,134678032,265,204618322,4032732539,9.04166666666667,"2012/07/17 14:59:52.193000",310410ff3001,134678032,,,,,,,,,,,,,,,,,,,,47075,4207,,,43586,2008,2318,0,20870,0,5780,5780,10,10,0,0,0,1,,20,1,10,,0,2.65625,2.80172413793103,2.5390625,4.69827586206897,,,,,,,,,,,,,,,,,,,,,,,,,,,,,,,,,,,,,,,,,,,,,,,,,,,,,,,,,,,,,,,,,,,,,,,,,,,,,,,,,,,,,,,,,,,,,,,,,,,,,,,,,,,,,,,,,,,4
,,,,"2012/07/17 14:59:39.430000",10937,33.1531,-96.8265,33.1529,-96.8271,310410ff3001,133331215,57,31595002,3770080817,33,5,8,310410ff3001,133331215,57,31595002,3770080817,7.08333333333333,"2012/07/17 14:59:49.465000",310410ff3001,133331215,,,,,,,,,,,,,,,,,,,,1025,1440,,,54,52,0,0,0,0,5780,5780,10,10,0,0,0,1,,20,1,10,,0,2.5,2.5,2.5,2.5,,,,,,,,,,,,,,,,,,,,,,,,,,,,,,,,,,,,,,,,,,,,,,,,,,,,,,,,,,,,,,,,,,,,,,,,,,,,,,,,,,,,,,,,,,,,,,,,,,,,,,,,,,,,,,,,,,,4
,,,,"2012/07/17 14:58:43.433000",12498,33.1327,-96.8223,33.1455,-96.8311,310410ff3005,133331217,49,18688523,3498526544,41,5,8,310410ff3005,133331217,49,18688523,3498526544,8,"2012/07/17 14:58:55.705000",310410ff3005,133331217,,,,,,,,,,,,,,,,,,,,1237,1545,,,104,104,0,0,0,0,5780,5780,10,10,0,0,0,1,,20,1,10,,0,2.5,2.5,2.5,2.54310344827586,,,,,,,,,,,,,,,,,,,,,,,,,,,,,,,,,,,,,,,,,,,,,,,,,,,,,,,,,,,,,,,,,,,,,,,,,,,,,,,,,,,,,,,,,,,,,,,,,,,,,,,,,,,,,,,,,,,4
,,,,"2012/07/17 14:59:43.997000",11113,33.1305,-97.0721,33.1305,-97.0721,310410ff3006,133184017,226,32184657,4039109542,39,5,8,310410ff3006,133184017,226,32184657,4039109542,9.625,"2012/07/17 14:59:54.849000",310410ff3006,133184017,,,,,,,,,,,,,,,,,,,,2342,1345,,,708,312,0,0,0,0,5780,5780,10,10,0,0,0,1,,20,1,10,,0,2.5390625,2.58547008547009,2.5,2.62820512820513,,,,,,,,,,,,,,,,,,,,,,,,,,,,,,,,,,,,,,,,,,,,,,,,,,,,,,,,,,,,,,,,,,,,,,,,,,,,,,,,,,,,,,,,,,,,,,,,,,,,,,,,,,,,,,,,,,,4
,,,,"2012/07/17 14:59:46.467000",12151,33.1306,-97.0719,33.1306,-97.0719,310410ff3002,133184017,228,19888709,4037901057,40,5,8,310410ff3002,133184017,228,19888709,4037901057,9.66666666666667,"2012/07/17 14:59:58.689000",310410ff3002,133184017,,,,,,,,,,,,,,,,,,,,7051,5713,,,3657,1985,0,0,0,0,5780,5780,10,10,0,0,0,1,,20,1,10,,0,2.5,2.58620689655172,2.5,2.93103448275862,,,,,,,,,,,,,,,,,,,,,,,,,,,,,,,,,,,,,,,,,,,,,,,,,,,,,,,,,,,,,,,,,,,,,,,,,,,,,,,,,,,,,,,,,,,,,,,,,,,,,,,,,,,,,,,,,,,4
,,,,"2012/07/17 14:59:41.470000",10826,33.1286,-96.8362,33.1286,-96.8362,310410ff3002,133514769,757,248430616,3235732352,40,5,8,310410ff3002,133514769,757,248430616,3235732352,12,"2012/07/17 14:59:52.313000",310410ff3002,133514769,,,,,,,,,,,,,,,,,,,,1087,1238,,,104,64,0,0,0,0,5780,5780,10,10,0,0,0,1,,20,1,10,,0,2.5,2.5,2.5,2.67094017094017,,,,,,,,,,,,,,,,,,,,,,,,,,,,,,,,,,,,,,,,,,,,,,,,,,,,,,,,,,,,,,,,,,,,,,,,,,,,,,,,,,,,,,,,,,,,,,,,,,,,,,,,,,,,,,,,,,,4
,,,,"2012/07/17 14:59:41.847000",11117,33.1387,-96.8183,33.1386,-96.8183,310410ff3005,133514767,758,175863382,3769731020,31,5,8,310410ff3005,133514767,758,175863382,3769731020,5.64705882352941,"2012/07/17 14:59:53.593000",310410ff3005,133514767,,,,,,,,,,,,,,,,,,,,1437,1976,,,134,185,0,0,0,0,5780,5780,10,10,0,0,0,1,,20,1,10,,0,2.5,2.5,2.5,2.67094017094017,,,,,,,,,,,,,,,,,,,,,,,,,,,,,,,,,,,,,,,,,,,,,,,,,,,,,,,,,,,,,,,,,,,,,,,,,,,,,,,,,,,,,,,,,,,,,,,,,,,,,,,,,,,,,,,,,,,4
,,,,"2012/07/17 14:58:00.993000",113483,33.1222,-96.8134,33.1186,-96.8197,310410ff3002,133514768,688,243386637,3234402305,37,5,8,310410ff3002,133514768,688,243386637,3234402305,12,"2012/07/17 14:59:54.873000",310410ff3002,133514768,,,-101,-10,"2012/07/17 14:58:32.645000",310410ff3002,133514768,98,-98,-8.5,,,,,,,,,,1420188,221014,,,1341057,151355,1562,1,13965,176,5780,5780,10,10,0,0,0,1,,20,1,10,,0,2.734375,2.54310344827586,2.5,2.58620689655172,,,,,,,,,,,,,,,,,,,,,,,,,,,,,,,,,,,,,,,,,,,,,,,,,,,,,,,,,,,,,,,,,,,,,,,,,,,,,,,,,,,,,,,,,,,,,,,,,,,,,,,,,,,,,,,,,,,4
,,,,"2012/07/17 14:59:47.042000",10850,32.9865,-96.8317,32.9865,-96.8317,310410ff3001,133401359,1270,171250214,4040645538,41,5,8,310410ff3001,133401359,1270,171250214,4040645538,13,"2012/07/17 14:59:57.518000",310410ff3001,133401359,,,,,,,,,,,,,,,,,,,,841,658,,,40,0,0,0,0,0,5780,5780,10,10,0,0,0,1,,20,1,10,,0,2.5,2.8448275862069,2.5,2.58620689655172,,,,,,,,,,,,,,,,,,,,,,,,,,,,,,,,,,,,,,,,,,,,,,,,,,,,,,,,,,,,,,,,,,,,,,,,,,,,,,,,,,,,,,,,,,,,,,,,,,,,,,,,,,,,,,,,,,,4
,,,,"2012/07/17 14:59:40.912000",14296,32.9853,-96.8316,32.9853,-96.8316,310410ff3008,133401359,1266,18195892,3498592935,34,5,8,310410ff3008,133401359,1266,18195892,3498592935,13,"2012/07/17 14:59:54.958000",310410ff3008,133401359,,,,,,,,,,,,,,,,,,,,1167,1872,,,0,432,0,0,0,0,5780,5780,10,10,0,0,0,1,,20,1,10,,0,2.5,2.5,2.5,2.62931034482759,,,,,,,,,,,,,,,,,,,,,,,,,,,,,,,,,,,,,,,,,,,,,,,,,,,,,,,,,,,,,,,,,,,,,,,,,,,,,,,,,,,,,,,,,,,,,,,,,,,,,,,,,,,,,,,,,,,4
,,,,"2012/07/17 14:59:36.795000",18141,32.988,-96.9123,32.988,-96.9123,310410ff3002,134693135,555,33585710,3774112292,36,5,8,310410ff3002,134693135,555,33585710,3774112292,10,"2012/07/17 14:59:54.385000",310410ff3002,134693135,,,,,,,,,,,,,,,,,,,,1085,2081,,,92,52,0,0,0,0,5780,5780,10,10,0,0,0,1,,20,1,10,,0,2.5,3.44827586206897,2.5,4.26724137931035,,,,,,,,,,,,,,,,,,,,,,,,,,,,,,,,,,,,,,,,,,,,,,,,,,,,,,,,,,,,,,,,,,,,,,,,,,,,,,,,,,,,,,,,,,,,,,,,,,,,,,,,,,,,,,,,,,,4
,,,,"2012/07/17 14:59:33.226000",16098,32.9807,-96.9052,32.9815,-96.905,310410ff3002,134693135,553,48105788,3237260319,22,5,8,310410ff3002,134693136,561,38613251,3237260319,5.80952380952381,"2012/07/17 14:59:50.545000",310410ff3002,134693136,,,-99,-8.5,"2012/07/17 14:59:44.684000",310410ff3002,134696464,367,-94,-3,,,,,,,,,,39902,7556,,,32172,1961,474,0,5608,0,5780,5780,10,10,0,0,0,1,,20,1,10,,0,2.5,2.58620689655172,2.5,2.97008547008547,,2,,,,,"2012/07/17 14:59:44.685000",134696464,134693136,5.25,6,,,-99,-8.5,1,367,-94,-3,,,,,,,2,0,310410ff3002,310410ff3002,32.904,-96.5923,2.5,8.31896551724138,"2012/07/17 14:59:38.959000",134693135,134696464,5.32,5,,,-104,-12,1,403,-99,-7,,,,,,,2,0,310410ff3002,310410ff3002,32.9113,-96.6011,2.5,2.58620689655172,,,,,,,,,,,,,,,,,,,,,,,,,,,,,,,,,,,,,,,,,,,,,,,,,,,,,,,4
,,,,"2012/07/17 14:59:06.846000",46822,32.8751,-96.9066,32.8742,-96.9058,310410ff3001,133136400,1427,263998180,4034868953,35,5,8,310410ff3001,133136400,1427,263998180,4034868953,10.7083333333333,"2012/07/17 14:59:53.766000",310410ff3001,133136400,,,,,,,,,,,,,,,,,,,,656317,139578,,,600461,88222,2182,0,11414,0,5780,5780,10,10,0,0,0,1,,20,1,10,,0,2.5,30.5172413793103,2.734375,30.3205128205128,,,,,,,,,,,,,,,,,,,,,,,,,,,,,,,,,,,,,,,,,,,,,,,,,,,,,,,,,,,,,,,,,,,,,,,,,,,,,,,,,,,,,,,,,,,,,,,,,,,,,,,,,,,,,,,,,,,4
,,,,"2012/07/17 14:59:38.291000",13823,32.9888,-96.9507,32.9888,-96.9507,310410ff3007,134696465,321,218034017,3497174916,34,5,8,310410ff3007,134696465,321,218034017,3497174916,9.83333333333333,"2012/07/17 14:59:51.841000",310410ff3007,134696465,,,,,,,,,,,,,,,,,,,,6620,5029,,,3621,1216,0,0,0,0,5780,5780,10,10,0,0,0,1,,20,1,10,,0,5.13779527559055,12.1551724137931,2.5,6.50862068965517,,,,,,,,,,,,,,,,,,,,,,,,,,,,,,,,,,,,,,,,,,,,,,,,,,,,,,,,,,,,,,,,,,,,,,,,,,,,,,,,,,,,,,,,,,,,,,,,,,,,,,,,,,,,,,,,,,,4
,,,,"2012/07/17 14:59:31.737000",20825,32.9951,-96.9335,32.9951,-96.9335,310410ff3002,134696463,316,66371131,3234434043,40,5,8,310410ff3002,134696463,316,66371131,3234434043,10.75,"2012/07/17 14:59:51.841000",310410ff3002,134696463,,,,,,,,,,,,,,,,,,,,2907,4941,,,976,2321,0,0,0,0,5780,5780,10,10,0,0,0,1,,20,1,10,,0,2.65748031496063,3.87931034482759,2.5,6.50862068965517,,,,,,,,,,,,,,,,,,,,,,,,,,,,,,,,,,,,,,,,,,,,,,,,,,,,,,,,,,,,,,,,,,,,,,,,,,,,,,,,,,,,,,,,,,,,,,,,,,,,,,,,,,,,,,,,,,,4
,,,,"2012/07/17 14:57:20.583000",154791,33.1766,-96.5579,33.1765,-96.5579,310410ff3001,133514511,534,207630216,3235639439,32,5,8,310410ff3001,133514511,534,207630216,3235639439,4.875,"2012/07/17 14:59:54.701000",310410ff3001,133514511,,,,,,,,,,,,,,,,,,,,2049826,427520,,,1803134,288715,4650,101,10545,644,5780,5780,10,10,0,0,0,1,,20,1,10,,0,2.5,2.5,2.5,2.5,,,,,,,,,,,,,,,,,,,,,,,,,,,,,,,,,,,,,,,,,,,,,,,,,,,,,,,,,,,,,,,,,,,,,,,,,,,,,,,,,,,,,,,,,,,,,,,,,,,,,,,,,,,,,,,,,,,4
,,,,"2012/07/17 14:59:44.452000",11010,33.1772,-96.5547,33.1775,-96.5538,310410ff3002,133417744,522,263847434,3504871910,34,5,8,310410ff3002,133514511,561,186308480,3504871910,7.95833333333333,"2012/07/17 14:59:54.701000",310410ff3002,133514511,,,-113,-10,"2012/07/17 14:59:49.976000",310410ff3002,133417744,273,-108,-4,,,,,,,,,,3662,4277,,,867,1953,0,0,0,0,5780,5780,10,10,0,0,0,,,21,1,36,,2,2.5,2.93103448275862,2.5,2.5,,1,,,,,"2012/07/17 14:59:49.977000",133417744,133514511,7.30769230769231,5,,,-113,-10,1,273,-108,-4,,,,,,,2,0,310410ff3002,310410ff3002,33.0907,-96.2248,2.5,2.93103448275862,,,,,,,,,,,,,,,,,,,,,,,,,,,,,,,,,,,,,,,,,,,,,,,,,,,,,,,,,,,,,,,,,,,,,,,,,,,,,,,,,,2
,,,,"2012/07/17 14:59:54.655000",806,33.0175,-96.8234,33.0175,-96.8234,310410ff3006,133165327,136,58661268,3768685837,42,,,310410ff3006,133165327,136,58661268,3768685837,,,,,,,,,,,,,,,,,,,,,,,,,,,,,,,,,,,,,,0,,,1,,,,1,,0,2.5,2.5,2.5,2.5,,,,,,,,,,,,,,,,,,,,,,,,,,,,,,,,,,,,,,,,,,,,,,,,,,,,,,,,,,,,,,,,,,,,,,,,,,,,,,,,,,,,,,,,,,,,,,,,,,,,,,,,,,,,,,,,,,,1
,,,,"2012/07/17 14:59:40.563000",10846,33.0026,-97.2846,33.0026,-97.2846,310410ff3004,133675535,1007,21241062,3234894673,42,5,8,310410ff3004,133675535,1007,21241062,3234894673,8.95833333333333,"2012/07/17 14:59:50.878000",310410ff3004,133675535,,,,,,,,,,,,,,,,,,,,833,1398,,,40,0,0,0,0,0,5780,5780,10,10,0,0,0,1,,20,1,10,,0,4.9609375,7.24137931034483,3.8671875,3.96551724137931,,,,,,,,,,,,,,,,,,,,,,,,,,,,,,,,,,,,,,,,,,,,,,,,,,,,,,,,,,,,,,,,,,,,,,,,,,,,,,,,,,,,,,,,,,,,,,,,,,,,,,,,,,,,,,,,,,,4
,,,,"2012/07/17 14:58:03.610000",107443,32.9717,-97.3254,32.9704,-97.3274,310410ff3005,133675537,950,201905009,3500547737,66,5,8,310410ff3005,133675537,950,201905009,3500547737,8,"2012/07/17 14:59:50.879000",310410ff3005,133675537,,,-112,-5.5,"2012/07/17 14:59:11.535000",310410ff3005,133675537,249,-110,-6,,,,,,,,,,63569,47010,,,17590,16665,257,11,21632,125,5780,5780,10,10,0,0,0,1,,20,1,10,,0,2.5,2.75641025641026,3.8671875,3.96551724137931,,,,,,,,,,,,,,,,,,,,,,,,,,,,,,,,,,,,,,,,,,,,,,,,,,,,,,,,,,,,,,,,,,,,,,,,,,,,,,,,,,,,,,,,,,,,,,,,,,,,,,,,,,,,,,,,,,,4
,,,,"2012/07/17 14:59:43.470000",11199,32.984,-97.3214,32.984,-97.3214,310410ff3005,133675537,1008,212160484,3230505740,39,5,8,310410ff3005,133675537,1008,212160484,3230505740,8.66666666666667,"2012/07/17 14:59:54.718000",310410ff3005,133675537,,,,,,,,,,,,,,,,,,,,3620,1746,,,1912,366,634,6,5712,59,5780,5780,10,10,0,0,0,1,,20,1,10,,0,2.5,7.32758620689655,5.9765625,3.10344827586207,,,,,,,,,,,,,,,,,,,,,,,,,,,,,,,,,,,,,,,,,,,,,,,,,,,,,,,,,,,,,,,,,,,,,,,,,,,,,,,,,,,,,,,,,,,,,,,,,,,,,,,,,,,,,,,,,,,4
,,,,"2012/07/17 14:59:43.475000",10863,32.7688,-96.7868,32.7688,-96.7868,310410ff3003,134457615,37,252437352,3500870641,33,5,8,310410ff3003,134457615,37,252437352,3500870641,11.7894736842105,"2012/07/17 14:59:54.864000",310410ff3003,134457615,,,,,,,,,,,,,,,,,,,,1202,1564,,,77,129,0,0,0,0,5780,5780,10,10,0,0,0,1,,20,1,10,,0,2.5,2.5,2.5,4.39655172413793,,,,,,,,,,,,,,,,,,,,,,,,,,,,,,,,,,,,,,,,,,,,,,,,,,,,,,,,,,,,,,,,,,,,,,,,,,,,,,,,,,,,,,,,,,,,,,,,,,,,,,,,,,,,,,,,,,,4
,,,,"2012/07/17 14:59:44.710000",11256,33.1634,-96.7595,33.1634,-96.7595,310410ff3003,133512976,724,7873938,3768018678,35,5,8,310410ff3003,133512976,724,7873938,3768018678,11,"2012/07/17 14:59:55.735000",310410ff3003,133512976,,,,,,,,,,,,,,,,,,,,2093,2174,,,658,356,0,0,0,0,5780,5780,10,10,0,0,0,1,,20,1,10,,0,2.5,2.5,2.5,2.58620689655172,,,,,,,,,,,,,,,,,,,,,,,,,,,,,,,,,,,,,,,,,,,,,,,,,,,,,,,,,,,,,,,,,,,,,,,,,,,,,,,,,,,,,,,,,,,,,,,,,,,,,,,,,,,,,,,,,,,4
,,,,"2012/07/17 14:59:48.521000",10281,33.1532,-96.7558,33.1532,-96.7554,310410ff3003,133121807,819,189060196,3768530322,40,5,8,310410ff3003,133512976,725,11266770,3768530322,7.2,"2012/07/17 14:59:58.295000",310410ff3003,133512976,,,-98,-13.5,"2012/07/17 14:59:52.149000",310410ff3003,133121807,28,-92,-8,,,,,,,,,,1570,2571,,,0,108,0,0,0,0,5780,5780,10,10,0,0,0,1,,20,1,10,,0,2.5,2.67094017094017,5.4296875,6.33620689655172,,1,,,,,"2012/07/17 14:59:52.150000",133121807,133512976,5.08333333333333,8,,,-98,-13.5,1,28,-92,-8,,,,,,,2,0,310410ff3003,310410ff3003,33.0788,-96.4191,2.5,2.67094017094017,,,,,,,,,,,,,,,,,,,,,,,,,,,,,,,,,,,,,,,,,,,,,,,,,,,,,,,,,,,,,,,,,,,,,,,,,,,,,,,,,,4
,,,,"2012/07/17 14:59:48.597000",11251,33.0264,-96.7317,33.0264,-96.7317,310410ff3003,133146895,262,17912529,4041586520,38,5,8,310410ff3003,133146895,262,17912529,4041586520,11.9583333333333,"2012/07/17 14:59:59.369000",310410ff3003,133146895,,,,,,,,,,,,,,,,,,,,1464,956,,,236,365,0,0,0,0,5780,5780,10,10,0,0,0,1,,20,1,10,,0,2.5,2.54273504273504,2.5,2.5,,,,,,,,,,,,,,,,,,,,,,,,,,,,,,,,,,,,,,,,,,,,,,,,,,,,,,,,,,,,,,,,,,,,,,,,,,,,,,,,,,,,,,,,,,,,,,,,,,,,,,,,,,,,,,,,,,,4
,,,,"2012/07/17 14:59:43.950000",10854,33.0384,-96.7016,33.0381,-96.7019,310410ff3005,133390353,483,191889836,3497767129,41,5,8,310410ff3005,133390353,483,191889836,3497767129,13.2916666666667,"2012/07/17 14:59:54.332000",310410ff3005,133390353,,,,,,,,,,,,,,,,,,,,963,1145,,,52,105,0,0,0,0,5780,5780,10,10,0,0,0,1,,20,1,10,,0,2.5,2.5,2.53937007874016,2.88793103448276,,,,,,,,,,,,,,,,,,,,,,,,,,,,,,,,,,,,,,,,,,,,,,,,,,,,,,,,,,,,,,,,,,,,,,,,,,,,,,,,,,,,,,,,,,,,,,,,,,,,,,,,,,,,,,,,,,,4
,,,,"2012/07/17 14:59:52.531000",588,32.9332,-96.8423,32.9332,-96.8426,310410ff3003,133420815,1013,14300917,3232771130,43,,,310410ff3003,133420815,1013,14300917,3232771130,4.83333333333333,"2012/07/17 14:59:53.585000",310410ff3003,133420815,,,,,,,,,,,,,,,,,,,,377,480,,,,,0,0,0,0,,,,,0,,,1,,,,1,,0,2.734375,3.14102564102564,2.5,2.62931034482759,,,,,,,,,,,,,,,,,,,,,,,,,,,,,,,,,,,,,,,,,,,,,,,,,,,,,,,,,,,,,,,,,,,,,,,,,,,,,,,,,,,,,,,,,,,,,,,,,,,,,,,,,,,,,,,,,,,4
,,,,"2012/07/17 14:59:32.700000",18147,33.068,-96.8446,33.068,-96.8446,310410ff3007,133311247,754,239215917,3229050061,39,5,8,310410ff3007,133311247,754,239215917,3229050061,9.83333333333333,"2012/07/17 14:59:50.809000",310410ff3007,133311247,,,,,,,,,,,,,,,,,,,,1611,1358,,,371,220,0,0,0,0,5780,5780,10,10,0,0,0,1,,20,1,10,,0,2.5,2.67241379310345,2.578125,2.67241379310345,,,,,,,,,,,,,,,,,,,,,,,,,,,,,,,,,,,,,,,,,,,,,,,,,,,,,,,,,,,,,,,,,,,,,,,,,,,,,,,,,,,,,,,,,,,,,,,,,,,,,,,,,,,,,,,,,,,4
,,,,"2012/07/17 14:59:42.951000",10804,32.9322,-96.8406,32.9322,-96.8406,310410ff3008,133420815,1001,53816644,3499941718,32,5,8,310410ff3008,133420815,1001,53816644,3499941718,5.625,"2012/07/17 14:59:53.585000",310410ff3008,133420815,,,,,,,,,,,,,,,,,,,,914,693,,,0,132,0,6,0,58,5780,5780,10,10,0,0,0,1,,20,1,10,,0,2.5390625,3.14102564102564,2.5,2.62931034482759,,,,,,,,,,,,,,,,,,,,,,,,,,,,,,,,,,,,,,,,,,,,,,,,,,,,,,,,,,,,,,,,,,,,,,,,,,,,,,,,,,,,,,,,,,,,,,,,,,,,,,,,,,,,,,,,,,,4
,,,,"2012/07/17 14:59:51.580000",1227,33.0721,-96.849,33.0721,-96.849,310410ff3003,133311247,762,168596131,3232684810,51,,,310410ff3003,133311247,762,168596131,3232684810,8.42857142857143,"2012/07/17 14:59:52.089000",310410ff3003,133311247,,,,,,,,,,,,,,,,,,,,270,403,,,,,0,0,0,0,,,,,0,,,1,,,,1,,0,2.578125,2.67241379310345,2.5,2.8448275862069,,,,,,,,,,,,,,,,,,,,,,,,,,,,,,,,,,,,,,,,,,,,,,,,,,,,,,,,,,,,,,,,,,,,,,,,,,,,,,,,,,,,,,,,,,,,,,,,,,,,,,,,,,,,,,,,,,,4
,,,,"2012/07/17 14:59:43.491000",10812,32.9315,-96.8408,32.9311,-96.8409,310410ff3003,133420815,1003,2470838,3770007688,34,5,8,310410ff3003,133420815,1003,2470838,3770007688,6.875,"2012/07/17 14:59:53.585000",310410ff3003,133420815,,,,,,,,,,,,,,,,,,,,861,1541,,,0,86,0,0,0,0,5780,5780,10,10,0,0,0,1,,20,1,10,,0,2.5390625,3.31896551724138,2.5,2.62931034482759,,,,,,,,,,,,,,,,,,,,,,,,,,,,,,,,,,,,,,,,,,,,,,,,,,,,,,,,,,,,,,,,,,,,,,,,,,,,,,,,,,,,,,,,,,,,,,,,,,,,,,,,,,,,,,,,,,,4
,,,,"2012/07/17 14:59:43.988000",10784,32.9245,-96.8392,32.9244,-96.839,310410ff3006,133420816,1004,235333071,3499828195,40,5,8,310410ff3006,133420816,1004,235333071,3499828195,10.7083333333333,"2012/07/17 14:59:53.586000",310410ff3006,133420816,,,,,,,,,,,,,,,,,,,,762,902,,,0,87,0,0,0,0,5780,5780,10,10,0,0,0,1,,20,1,10,,0,2.5390625,3.31896551724138,2.5,2.62931034482759,,,,,,,,,,,,,,,,,,,,,,,,,,,,,,,,,,,,,,,,,,,,,,,,,,,,,,,,,,,,,,,,,,,,,,,,,,,,,,,,,,,,,,,,,,,,,,,,,,,,,,,,,,,,,,,,,,,4
,,,,"2012/07/17 14:59:35.744000",16655,33.0583,-96.8636,33.0583,-96.8637,310410ff3001,133311249,755,201728775,3501552327,34,5,8,310410ff3001,133311249,755,201728775,3501552327,10.1666666666667,"2012/07/17 14:59:52.090000",310410ff3001,133311249,,,,,,,,,,,,,,,,,,,,4096,3515,,,1768,1552,0,0,0,0,5780,5780,10,10,0,0,0,1,,20,1,10,,0,2.5,2.71367521367521,2.5,2.8448275862069,,,,,,,,,,,,,,,,,,,,,,,,,,,,,,,,,,,,,,,,,,,,,,,,,,,,,,,,,,,,,,,,,,,,,,,,,,,,,,,,,,,,,,,,,,,,,,,,,,,,,,,,,,,,,,,,,,,4
,,,,"2012/07/17 14:59:42.891000",11176,32.9327,-96.8431,32.9328,-96.8433,310410ff3005,133420815,1000,210309686,3502354157,31,5,8,310410ff3005,133420815,1000,210309686,3502354157,7.75,"2012/07/17 14:59:53.585000",310410ff3005,133420815,,,,,,,,,,,,,,,,,,,,2546,2217,,,611,540,0,0,0,0,5780,5780,10,10,0,0,0,1,,20,1,10,,0,2.5390625,3.14102564102564,2.5,2.62931034482759,,,,,,,,,,,,,,,,,,,,,,,,,,,,,,,,,,,,,,,,,,,,,,,,,,,,,,,,,,,,,,,,,,,,,,,,,,,,,,,,,,,,,,,,,,,,,,,,,,,,,,,,,,,,,,,,,,,4
,,,,"2012/07/17 14:59:40.551000",13968,33.0698,-96.8437,33.0698,-96.8437,310410ff3001,133311247,757,218102939,3503392822,36,5,8,310410ff3001,133311247,757,218102939,3503392822,8,"2012/07/17 14:59:54.650000",310410ff3001,133311247,,,,,,,,,,,,,,,,,,,,16175,6141,,,10993,3069,1485,6,6544,68,5780,5780,10,10,0,0,0,1,,20,1,10,,0,2.5390625,2.71551724137931,2.5,2.71551724137931,,,,,,,,,,,,,,,,,,,,,,,,,,,,,,,,,,,,,,,,,,,,,,,,,,,,,,,,,,,,,,,,,,,,,,,,,,,,,,,,,,,,,,,,,,,,,,,,,,,,,,,,,,,,,,,,,,,4
,,,,"2012/07/17 14:59:24.786000",27225,32.9234,-96.8408,32.9232,-96.8408,310410ff3002,133420816,987,260562433,3497122175,33,5,8,310410ff3002,133420817,987,260562433,3497122175,10.375,"2012/07/17 14:59:52.306000",310410ff3002,133420817,,,-73,-13,"2012/07/17 14:59:49.397000",310410ff3002,133420816,341,-66,-4,,,,,,,,,,11925,6456,,,7044,2585,0,0,0,0,5780,5780,10,10,0,0,0,1,,20,1,10,,0,2.5,2.67241379310345,2.734375,3.14102564102564,1,,,,,,"2012/07/17 14:59:49.398000",133420816,133420817,9.58333333333333,10,,,-73,-13,1,341,-66,-4,,,,,,,1,0,310410ff3002,310410ff3002,32.9249,-96.8416,2.5,2.58547008547009,,,,,,,,,,,,,,,,,,,,,,,,,,,,,,,,,,,,,,,,,,,,,,,,,,,,,,,,,,,,,,,,,,,,,,,,,,,,,,,,,,4
,,,,"2012/07/17 14:59:44.540000",11114,33.0318,-96.9186,33.0318,-96.9186,310410ff3005,134686224,604,54475670,3503887272,40,5,8,310410ff3005,134686224,604,54475670,3503887272,9.75,"2012/07/17 14:59:54.852000",310410ff3005,134686224,,,,,,,,,,,,,,,,,,,,2713,2101,,,849,626,0,0,0,0,5780,5780,10,10,0,0,0,1,,20,1,10,,0,2.5,3.31896551724138,2.5,2.5,,,,,,,,,,,,,,,,,,,,,,,,,,,,,,,,,,,,,,,,,,,,,,,,,,,,,,,,,,,,,,,,,,,,,,,,,,,,,,,,,,,,,,,,,,,,,,,,,,,,,,,,,,,,,,,,,,,4
,,,,"2012/07/17 14:59:33.273000",21823,33.1107,-96.8159,33.1107,-96.8159,310410ff3005,133380113,66,35389403,3496422269,37,5,8,310410ff3005,133380113,66,35389403,3496422269,7.375,"2012/07/17 14:59:54.258000",310410ff3005,133380113,,,,,,,,,,,,,,,,,,,,1211,2113,,,0,267,0,0,0,0,5780,5780,10,10,0,0,0,1,,20,1,10,,0,2.5,2.5,2.5,2.75862068965517,,,,,,,,,,,,,,,,,,,,,,,,,,,,,,,,,,,,,,,,,,,,,,,,,,,,,,,,,,,,,,,,,,,,,,,,,,,,,,,,,,,,,,,,,,,,,,,,,,,,,,,,,,,,,,,,,,,4
,,,,"2012/07/17 14:59:44.383000",11005,33.1111,-96.8149,33.111,-96.815,310410ff3003,133380113,76,9355332,3499756370,41,5,8,310410ff3003,133380113,76,9355332,3499756370,10,"2012/07/17 14:59:55.538000",310410ff3003,133380113,,,,,,,,,,,,,,,,,,,,1117,984,,,95,149,0,0,0,0,5780,5780,10,10,0,0,0,1,,20,1,10,,0,2.6937984496124,10.9913793103448,2.5,2.75862068965517,,,,,,,,,,,,,,,,,,,,,,,,,,,,,,,,,,,,,,,,,,,,,,,,,,,,,,,,,,,,,,,,,,,,,,,,,,,,,,,,,,,,,,,,,,,,,,,,,,,,,,,,,,,,,,,,,,,4
,,,,"2012/07/17 14:59:47.803000",10617,33.112,-96.8123,33.112,-96.8123,310410ff3006,133380113,79,15194034,3501326274,42,5,8,310410ff3006,133380113,79,15194034,3501326274,11,"2012/07/17 14:59:56.818000",310410ff3006,133380113,,,,,,,,,,,,,,,,,,,,1153,867,,,,,0,0,0,0,5780,5780,10,10,0,0,0,1,,20,1,10,,0,2.5,2.58620689655172,2.5,2.54310344827586,,,,,,,,,,,,,,,,,,,,,,,,,,,,,,,,,,,,,,,,,,,,,,,,,,,,,,,,,,,,,,,,,,,,,,,,,,,,,,,,,,,,,,,,,,,,,,,,,,,,,,,,,,,,,,,,,,,4
,,,,"2012/07/17 14:59:48.160000",11020,33.1111,-96.7927,33.1111,-96.7927,310410ff3002,133380112,81,43153852,4039227059,32,5,8,310410ff3002,133380112,81,43153852,4039227059,9.95833333333333,"2012/07/17 14:59:58.098000",310410ff3002,133380112,,,,,,,,,,,,,,,,,,,,6329,3201,,,4654,969,2951,0,23608,0,5780,5780,10,10,0,0,0,1,,20,1,10,,0,2.5,2.71551724137931,2.5,6.33620689655172,,,,,,,,,,,,,,,,,,,,,,,,,,,,,,,,,,,,,,,,,,,,,,,,,,,,,,,,,,,,,,,,,,,,,,,,,,,,,,,,,,,,,,,,,,,,,,,,,,,,,,,,,,,,,,,,,,,4
,,,,"2012/07/17 14:59:48.333000",10867,33.1101,-96.8175,33.1101,-96.8175,310410ff3005,133380113,82,36450467,4039929692,35,5,8,310410ff3005,133380113,82,36450467,4039929692,7.79166666666667,"2012/07/17 14:59:58.098000",310410ff3005,133380113,,,,,,,,,,,,,,,,,,,,1237,1561,,,188,151,0,0,0,0,5780,5780,10,10,0,0,0,1,,20,1,10,,0,2.5,2.71551724137931,2.5,6.33620689655172,,,,,,,,,,,,,,,,,,,,,,,,,,,,,,,,,,,,,,,,,,,,,,,,,,,,,,,,,,,,,,,,,,,,,,,,,,,,,,,,,,,,,,,,,,,,,,,,,,,,,,,,,,,,,,,,,,,4
,,,,"2012/07/17 14:59:41.891000",10881,33.1917,-96.6365,33.1917,-96.6365,310410ff3001,133332239,112,258156929,3498279602,34,5,8,310410ff3001,133332239,112,258156929,3498279602,11,"2012/07/17 14:59:52.308000",310410ff3001,133332239,,,,,,,,,,,,,,,,,,,,971,733,,,54,52,0,0,0,0,5780,5780,10,10,0,0,0,1,,20,1,10,,0,2.65625,2.97008547008547,2.65625,32.5431034482759,,,,,,,,,,,,,,,,,,,,,,,,,,,,,,,,,,,,,,,,,,,,,,,,,,,,,,,,,,,,,,,,,,,,,,,,,,,,,,,,,,,,,,,,,,,,,,,,,,,,,,,,,,,,,,,,,,,4
,,,,"2012/07/17 14:59:42.867000",10869,33.1821,-96.6493,33.1821,-96.6493,310410ff3004,133332241,113,181898304,3769048067,40,5,8,310410ff3004,133332241,113,181898304,3769048067,12.7916666666667,"2012/07/17 14:59:53.588000",310410ff3004,133332241,,,,,,,,,,,,,,,,,,,,917,712,,,52,105,0,0,0,0,5780,5780,10,10,0,0,0,1,,20,1,10,,0,2.5,3.06034482758621,2.77131782945736,32.3275862068966,,,,,,,,,,,,,,,,,,,,,,,,,,,,,,,,,,,,,,,,,,,,,,,,,,,,,,,,,,,,,,,,,,,,,,,,,,,,,,,,,,,,,,,,,,,,,,,,,,,,,,,,,,,,,,,,,,,4
,,,,"2012/07/17 14:59:41.304000",10940,33.1726,-96.63,33.1726,-96.63,310410ff3008,133332240,109,199377856,3766828819,34,5,8,310410ff3008,133332240,109,199377856,3766828819,6.375,"2012/07/17 14:59:52.308000",310410ff3008,133332240,,,,,,,,,,,,,,,,,,,,1034,1341,,,52,105,0,5,0,51,5780,5780,10,10,0,0,0,1,,20,1,10,,0,2.65625,2.97008547008547,2.65625,32.5431034482759,,,,,,,,,,,,,,,,,,,,,,,,,,,,,,,,,,,,,,,,,,,,,,,,,,,,,,,,,,,,,,,,,,,,,,,,,,,,,,,,,,,,,,,,,,,,,,,,,,,,,,,,,,,,,,,,,,,4
,,,,"2012/07/17 14:59:37.657000",13461,33.0573,-96.7715,33.0573,-96.7715,310410ff3007,133193745,343,258772818,3495730651,37,5,8,310410ff3007,133193745,343,258772818,3495730651,6.73333333333333,"2012/07/17 14:59:51.933000",310410ff3007,133193745,,,,,,,,,,,,,,,,,,,,2149,1826,,,213,225,0,5,0,60,5780,5780,10,10,0,0,0,1,,20,1,10,,0,2.5,2.5,2.578125,2.58620689655172,,,,,,,,,,,,,,,,,,,,,,,,,,,,,,,,,,,,,,,,,,,,,,,,,,,,,,,,,,,,,,,,,,,,,,,,,,,,,,,,,,,,,,,,,,,,,,,,,,,,,,,,,,,,,,,,,,,4
,,,,"2012/07/17 14:59:40.267000",12151,33.0576,-96.7729,33.0576,-96.7728,310410ff3004,133193745,345,214679876,3499680209,41,5,8,310410ff3004,133193745,345,214679876,3499680209,7.81818181818182,"2012/07/17 14:59:51.933000",310410ff3004,133193745,,,,,,,,,,,,,,,,,,,,47835,3825,,,44602,1994,2135,0,19220,0,5780,5780,10,10,0,0,0,1,,20,1,10,,0,2.578125,2.62820512820513,2.578125,2.58620689655172,,,,,,,,,,,,,,,,,,,,,,,,,,,,,,,,,,,,,,,,,,,,,,,,,,,,,,,,,,,,,,,,,,,,,,,,,,,,,,,,,,,,,,,,,,,,,,,,,,,,,,,,,,,,,,,,,,,4
,,,,"2012/07/17 14:57:53.241000",120519,33.1838,-96.6398,33.1816,-96.6393,310410ff3008,133395215,43,57417377,4037291774,42,5,8,310410ff3008,133332239,34,196729127,4037291774,8.08333333333333,"2012/07/17 14:59:53.588000",310410ff3008,133332239,,,-74,-10,"2012/07/17 14:59:05.734000",310410ff3008,133332241,390,-69,-5.5,,,,,,,,,,6888588,226466,,0.000534188034188034,6765847,148865,18610,0,57186,0,5780,5780,10,10,0,0,0,1,,20,1,10,,0,2.5,2.62931034482759,2.77131782945736,32.3275862068966,4,3,,,,,"2012/07/17 14:59:05.735000",133332241,133332239,11.7878787878788,8,,,-74,-10,1,390,-69,-5.5,,,,,,,1,0,310410ff3008,310410ff3008,33.1894,-96.645,2.5,2.97413793103448,"2012/07/17 14:58:46.395000",133332240,133332241,11.6666666666667,13,,,-82,-11,1,392,-77,-6,,,,,,,1,0,310410ff3008,310410ff3008,33.175,-96.6421,2.578125,3.57758620689655,"2012/07/17 14:58:44.105000",133332241,133332240,11.5714285714286,11,,,-82,-10,1,391,-77,-5,,,,,,,1,0,310410ff3008,310410ff3008,33.1798,-96.6393,2.73622047244094,4.29487179487179,"2012/07/17 14:58:37.256000",133332240,133332241,10.7714285714286,11,,,-84,-9,1,392,-79,-5.5,,,,,,,1,0,310410ff3008,310410ff3008,33.1796,-96.6406,2.73255813953488,3.78205128205128,4
,,,,"2012/07/17 14:59:43.502000",11147,33.0092,-96.6972,33.0092,-96.6972,310410ff3006,133385745,767,50634715,3230637779,33,5,8,310410ff3006,133385745,767,50634715,3230637779,7.39130434782609,"2012/07/17 14:59:52.920000",310410ff3006,133385745,,,,,,,,,,,,,,,,,,,,3588,4003,,,1121,1926,0,0,0,0,5780,5780,10,10,0,0,0,1,,20,1,10,,0,2.5,2.54310344827586,2.5,2.58620689655172,,,,,,,,,,,,,,,,,,,,,,,,,,,,,,,,,,,,,,,,,,,,,,,,,,,,,,,,,,,,,,,,,,,,,,,,,,,,,,,,,,,,,,,,,,,,,,,,,,,,,,,,,,,,,,,,,,,4
,,,,"2012/07/17 14:59:43.452000",11513,33.0077,-96.6953,33.0081,-96.6957,310410ff3006,133385745,766,57986337,3504163710,42,5,8,310410ff3006,133385745,766,57986337,3504163710,9.91666666666667,"2012/07/17 14:59:54.200000",310410ff3006,133385745,,,,,,,,,,,,,,,,,,,,4646,3460,,,2391,1330,0,0,0,0,5780,5780,10,10,0,0,0,1,,20,1,10,,0,2.5,2.54310344827586,2.5,2.58620689655172,,,,,,,,,,,,,,,,,,,,,,,,,,,,,,,,,,,,,,,,,,,,,,,,,,,,,,,,,,,,,,,,,,,,,,,,,,,,,,,,,,,,,,,,,,,,,,,,,,,,,,,,,,,,,,,,,,,4
,,,,"2012/07/17 14:59:48.193000",11229,32.7845,-96.8003,32.7845,-96.8003,310410ff3003,133167120,837,25246000,3234948004,38,5,8,310410ff3003,133167120,837,25246000,3234948004,7.41666666666667,"2012/07/17 14:59:59.206000",310410ff3003,133167120,,,,,,,,,,,,,,,,,,,,1987,1318,,,658,156,77,0,696,0,5780,5780,10,10,0,0,0,1,,20,1,10,,0,2.6171875,3.23275862068966,2.65625,8.18965517241379,,,,,,,,,,,,,,,,,,,,,,,,,,,,,,,,,,,,,,,,,,,,,,,,,,,,,,,,,,,,,,,,,,,,,,,,,,,,,,,,,,,,,,,,,,,,,,,,,,,,,,,,,,,,,,,,,,,4
,,,,"2012/07/17 14:59:46.296000",11906,32.7838,-96.805,32.7839,-96.8051,310410ff3006,133167119,835,5440811,3502627541,37,5,8,310410ff3006,133167119,835,5440811,3502627541,11.625,"2012/07/17 14:59:57.926000",310410ff3006,133167119,,,,,,,,,,,,,,,,,,,,1389,2549,,,322,350,0,0,0,0,5780,5780,10,10,0,0,0,1,,20,1,10,,0,2.65625,3.35470085470085,2.96875,7.92735042735043,,,,,,,,,,,,,,,,,,,,,,,,,,,,,,,,,,,,,,,,,,,,,,,,,,,,,,,,,,,,,,,,,,,,,,,,,,,,,,,,,,,,,,,,,,,,,,,,,,,,,,,,,,,,,,,,,,,4
,,,,"2012/07/17 14:59:45.129000",10769,32.9785,-97.1615,32.9785,-97.1615,310410ff3004,133645840,1379,52039252,3502071840,40,5,8,310410ff3004,133645840,1379,52039252,3502071840,9.91666666666667,"2012/07/17 14:59:55.399000",310410ff3004,133645840,,,,,,,,,,,,,,,,,,,,769,1895,,,0,128,0,0,0,0,5780,5780,10,10,0,0,0,1,,20,1,10,,0,2.6171875,2.97008547008547,2.5,2.54310344827586,,,,,,,,,,,,,,,,,,,,,,,,,,,,,,,,,,,,,,,,,,,,,,,,,,,,,,,,,,,,,,,,,,,,,,,,,,,,,,,,,,,,,,,,,,,,,,,,,,,,,,,,,,,,,,,,,,,4
,,,,"2012/07/17 14:59:44.872000",10786,32.9869,-97.1752,32.9869,-97.1752,310410ff3005,133645841,1378,209513446,3236941298,34,5,8,310410ff3005,133645841,1378,209513446,3236941298,11.5,"2012/07/17 14:59:55.399000",310410ff3005,133645841,,,,,,,,,,,,,,,,,,,,783,1080,,,0,62,0,0,0,0,5780,5780,10,10,0,0,0,1,,20,1,10,,0,2.6171875,2.97008547008547,2.5,2.54310344827586,,,,,,,,,,,,,,,,,,,,,,,,,,,,,,,,,,,,,,,,,,,,,,,,,,,,,,,,,,,,,,,,,,,,,,,,,,,,,,,,,,,,,,,,,,,,,,,,,,,,,,,,,,,,,,,,,,,4
,,,,"2012/07/17 14:59:46.682000",10816,32.9866,-97.1888,32.9866,-97.1887,310410ff3007,133645841,1380,178747965,4034123089,35,5,8,310410ff3007,133645841,1380,178747965,4034123089,7.80952380952381,"2012/07/17 14:59:57.959000",310410ff3007,133645841,,,,,,,,,,,,,,,,,,,,909,816,,,40,0,0,0,0,0,5780,5780,10,10,0,0,0,1,,20,1,10,,0,2.5,2.97008547008547,2.5,2.71367521367521,,,,,,,,,,,,,,,,,,,,,,,,,,,,,,,,,,,,,,,,,,,,,,,,,,,,,,,,,,,,,,,,,,,,,,,,,,,,,,,,,,,,,,,,,,,,,,,,,,,,,,,,,,,,,,,,,,,4
,,,,"2012/07/17 14:59:42.089000",15977,32.9811,-97.1633,32.9813,-97.1635,310410ff3003,133645840,1375,167957640,3233876482,33,5,8,310410ff3003,133645840,1375,167957640,3233876482,12.9583333333333,"2012/07/17 14:59:57.959000",310410ff3003,133645840,,,,,,,,,,,,,,,,,,,,22248,9004,,,16871,4480,2645,0,19304,0,5780,5780,10,10,0,0,0,1,,20,1,10,,0,2.53937007874016,3.01724137931034,2.5,2.71367521367521,,,,,,,,,,,,,,,,,,,,,,,,,,,,,,,,,,,,,,,,,,,,,,,,,,,,,,,,,,,,,,,,,,,,,,,,,,,,,,,,,,,,,,,,,,,,,,,,,,,,,,,,,,,,,,,,,,,4
,,,,"2012/07/17 14:59:47.785000",11049,33.0034,-97.1571,33.0034,-97.1571,310410ff3002,133645839,1382,182158059,3774071860,36,5,8,310410ff3002,133645839,1382,182158059,3774071860,10,"2012/07/17 14:59:57.959000",310410ff3002,133645839,,,,,,,,,,,,,,,,,,,,3279,2433,,,1649,325,0,0,0,0,5780,5780,10,10,0,0,0,1,,20,1,10,,0,2.5390625,3.10344827586207,2.5,2.71367521367521,,,,,,,,,,,,,,,,,,,,,,,,,,,,,,,,,,,,,,,,,,,,,,,,,,,,,,,,,,,,,,,,,,,,,,,,,,,,,,,,,,,,,,,,,,,,,,,,,,,,,,,,,,,,,,,,,,,4
,,,,"2012/07/17 14:59:44.401000",10844,33.1691,-96.6476,33.1658,-96.6564,310410ff3004,133395215,130,8684905,3501273783,42,5,8,310410ff3004,133395215,130,8684905,3501273783,11,"2012/07/17 14:59:55.111000",310410ff3004,133395215,,,,,,,,,,,,,,,,,,,,14,232,,,,,0,0,0,0,5780,5780,10,10,0,0,0,1,,20,1,10,,0,2.5,2.75641025641026,2.53937007874016,2.67094017094017,,,,,,,,,,,,,,,,,,,,,,,,,,,,,,,,,,,,,,,,,,,,,,,,,,,,,,,,,,,,,,,,,,,,,,,,,,,,,,,,,,,,,,,,,,,,,,,,,,,,,,,,,,,,,,,,,,,4
,,,,"2012/07/17 14:59:30.404000",28697,33.1565,-96.6405,33.1567,-96.6408,310410ff3002,133395216,120,19214570,3772611279,33,5,8,310410ff3002,133395216,120,19214570,3772611279,12.1666666666667,"2012/07/17 14:59:58.951000",310410ff3002,133395216,,,,,,,,,,,,,,,,,,,,60782,36591,,,46447,25326,1427,0,25048,0,5780,5780,10,10,0,0,0,1,,20,1,10,,0,2.5,3.56837606837607,2.578125,4.50854700854701,,,,,,,,,,,,,,,,,,,,,,,,,,,,,,,,,,,,,,,,,,,,,,,,,,,,,,,,,,,,,,,,,,,,,,,,,,,,,,,,,,,,,,,,,,,,,,,,,,,,,,,,,,,,,,,,,,,4
,,,,"2012/07/17 14:59:45.641000",10841,33.0873,-96.8406,33.0873,-96.8406,310410ff3003,133163536,776,187794890,4042958080,40,5,8,310410ff3003,133163536,776,187794890,4042958080,8.60869565217391,"2012/07/17 14:59:56.875000",310410ff3003,133163536,,,,,,,,,,,,,,,,,,,,1255,897,,,129,127,0,0,0,0,5780,5780,10,10,0,0,0,1,,20,1,10,,0,2.734375,3.52564102564103,2.6953125,2.80172413793103,,,,,,,,,,,,,,,,,,,,,,,,,,,,,,,,,,,,,,,,,,,,,,,,,,,,,,,,,,,,,,,,,,,,,,,,,,,,,,,,,,,,,,,,,,,,,,,,,,,,,,,,,,,,,,,,,,,4
,,,,"2012/07/17 14:59:41.328000",16414,33.0973,-96.8777,33.0973,-96.8777,310410ff3001,133163535,768,194875702,3230113953,42,5,8,310410ff3001,133163535,768,194875702,3230113953,5,"2012/07/17 14:59:56.875000",310410ff3001,133163535,,,,,,,,,,,,,,,,,,,,1282,1861,,,106,157,0,0,0,0,5780,5780,10,10,0,0,0,1,,20,1,10,,0,2.5,3.73931623931624,2.6953125,2.80172413793103,,,,,,,,,,,,,,,,,,,,,,,,,,,,,,,,,,,,,,,,,,,,,,,,,,,,,,,,,,,,,,,,,,,,,,,,,,,,,,,,,,,,,,,,,,,,,,,,,,,,,,,,,,,,,,,,,,,4
,,,,"2012/07/17 14:59:45.361000",11585,33.0779,-96.8414,33.0782,-96.841,310410ff3003,133163536,775,190692423,3769382395,34,5,8,310410ff3003,133163536,775,190692423,3769382395,9.25,"2012/07/17 14:59:56.875000",310410ff3003,133163536,,,,,,,,,,,,,,,,,,,,2495,2841,,,582,591,0,0,0,0,5780,5780,10,10,0,0,0,1,,20,1,10,,0,2.734375,3.52564102564103,2.6953125,2.80172413793103,,,,,,,,,,,,,,,,,,,,,,,,,,,,,,,,,,,,,,,,,,,,,,,,,,,,,,,,,,,,,,,,,,,,,,,,,,,,,,,,,,,,,,,,,,,,,,,,,,,,,,,,,,,,,,,,,,,4
,,,,"2012/07/17 14:59:45.619000",12511,33.0858,-96.8467,33.0858,-96.8467,310410ff3004,133163536,777,178778661,3766621797,62,5,8,310410ff3004,133163536,777,178778661,3766621797,4.45833333333333,"2012/07/17 14:59:58.155000",310410ff3004,133163536,,,-122,-11,"2012/07/17 14:59:58.103000",310410ff3004,133163536,,,,,,,,,,,,,11623,4995,,,5792,1857,429,11,3099,59,5780,5780,10,10,0,0,0,1,,,,38,,2,2.734375,3.52564102564103,2.5,3.52564102564103,,,,,,,,,,,,,,,,,,,,,,,,,,,,,,,,,,,,,,,,,,,,,,,,,,,,,,,,,,,,,,,,,,,,,,,,,,,,,,,,,,,,,,,,,,,,,,,,,,,,,,,,,,,,,,,,,,,4
,,,,"2012/07/17 14:59:45.153000",10847,32.9189,-96.8931,32.9189,-96.8931,310410ff3008,134685967,508,211313295,3230711164,32,5,8,310410ff3008,134685967,508,211313295,3230711164,7,"2012/07/17 14:59:56.928000",310410ff3008,134685967,,,,,,,,,,,,,,,,,,,,1263,5327,,,147,52,0,0,0,0,5780,5780,10,10,0,0,0,1,,20,1,10,,0,2.578125,2.71551724137931,2.578125,6.68803418803419,,,,,,,,,,,,,,,,,,,,,,,,,,,,,,,,,,,,,,,,,,,,,,,,,,,,,,,,,,,,,,,,,,,,,,,,,,,,,,,,,,,,,,,,,,,,,,,,,,,,,,,,,,,,,,,,,,,4
,,,,"2012/07/17 14:59:43.766000",12070,32.9081,-96.8859,32.908,-96.8856,310410ff3003,134685968,506,6448108,3499612193,34,5,8,310410ff3003,134685968,506,6448108,3499612193,10.75,"2012/07/17 14:59:55.648000",310410ff3003,134685968,,,,,,,,,,,,,,,,,,,,2727,3181,,,1395,1326,0,0,0,0,5780,5780,10,10,0,0,0,1,,20,1,10,,0,2.5,2.62820512820513,2.5390625,5.38793103448276,,,,,,,,,,,,,,,,,,,,,,,,,,,,,,,,,,,,,,,,,,,,,,,,,,,,,,,,,,,,,,,,,,,,,,,,,,,,,,,,,,,,,,,,,,,,,,,,,,,,,,,,,,,,,,,,,,,4
,,,,"2012/07/17 14:59:37.033000",20415,32.9149,-96.8928,32.9149,-96.8928,310410ff3004,134685967,502,203311901,3501634883,34,5,8,310410ff3004,134685967,502,203311901,3501634883,11.25,"2012/07/17 14:59:56.928000",310410ff3004,134685967,,,,,,,,,,,,,,,,,,,,13743,5146,,,10110,1687,1651,12,12512,93,5780,5780,10,10,0,0,0,1,,20,1,10,,0,2.5390625,2.62931034482759,2.578125,6.68803418803419,,,,,,,,,,,,,,,,,,,,,,,,,,,,,,,,,,,,,,,,,,,,,,,,,,,,,,,,,,,,,,,,,,,,,,,,,,,,,,,,,,,,,,,,,,,,,,,,,,,,,,,,,,,,,,,,,,,4
,,,,"2012/07/17 14:59:33.693000",24375,32.9157,-96.8929,32.9158,-96.8929,310410ff3004,134685967,497,212427660,4037394094,43,5,8,310410ff3004,134685967,497,212427660,4037394094,11.6666666666667,"2012/07/17 14:59:58.208000",310410ff3004,134685967,,,,,,,,,,,,,,,,,,,,1806,2647,,,54,659,0,0,0,0,5780,5780,10,10,0,0,0,1,,20,1,10,,0,2.5,2.75862068965517,2.5390625,5.94827586206897,,,,,,,,,,,,,,,,,,,,,,,,,,,,,,,,,,,,,,,,,,,,,,,,,,,,,,,,,,,,,,,,,,,,,,,,,,,,,,,,,,,,,,,,,,,,,,,,,,,,,,,,,,,,,,,,,,,4
,,,,"2012/07/17 14:59:46.196000",12820,32.9073,-96.884,32.9073,-96.884,310410ff3008,134685968,510,202898874,3767224290,38,5,8,310410ff3008,134685968,510,202898874,3767224290,6.36363636363636,"2012/07/17 14:59:59.488000",310410ff3008,134685968,,,,,,,,,,,,,,,,,,,,22325,8443,,,18474,5708,1869,74,13464,742,5780,5780,10,10,0,0,0,1,,20,1,10,,0,2.734375,14.9358974358974,2.578125,13.5344827586207,,,,,,,,,,,,,,,,,,,,,,,,,,,,,,,,,,,,,,,,,,,,,,,,,,,,,,,,,,,,,,,,,,,,,,,,,,,,,,,,,,,,,,,,,,,,,,,,,,,,,,,,,,,,,,,,,,,4
,,,,"2012/07/17 14:59:42.830000",12190,32.9021,-96.894,32.9021,-96.8942,310410ff3004,133150991,716,38939774,3231587801,33,5,8,310410ff3004,134685968,513,211737965,3231587801,8,"2012/07/17 14:59:54.368000",310410ff3004,134685968,,,-100,-6,"2012/07/17 14:59:52.391000",310410ff3004,133150991,199,-96,-4,,,,,,,,,,20309,121649,,,7937,114839,0,208,0,1430,5780,5780,10,10,0,0,0,1,,20,1,10,,0,2.5,2.5,2.5,5.96153846153846,,1,,,,,"2012/07/17 14:59:52.392000",133150991,134685968,7.04166666666667,6,,,-100,-6,1,199,-96,-4,,,,,,,2,0,310410ff3004,310410ff3004,32.83,-96.565,2.578125,3.49137931034483,,,,,,,,,,,,,,,,,,,,,,,,,,,,,,,,,,,,,,,,,,,,,,,,,,,,,,,,,,,,,,,,,,,,,,,,,,,,,,,,,,4
,,,,"2012/07/17 14:59:58.000000",574,33.0299,-96.9129,33.0299,-96.9129,310410ff3002,134686224,617,168113159,3499545314,39,,,310410ff3002,134686224,617,168113159,3499545314,6.6,"2012/07/17 14:59:59.972000",310410ff3002,134686224,,,,,,,,,,,,,,,,,,,,122,0,,,,,0,0,0,0,,,,,0,,,1,,,,3,,0,2.57751937984496,2.84188034188034,2.57751937984496,2.84188034188034,,,,,,,,,,,,,,,,,,,,,,,,,,,,,,,,,,,,,,,,,,,,,,,,,,,,,,,,,,,,,,,,,,,,,,,,,,,,,,,,,,,,,,,,,,,,,,,,,,,,,,,,,,,,,,,,,,,4
,,,,"2012/07/17 14:59:40.304000",14798,33.0253,-96.945,33.0247,-96.9452,310410ff3001,133136143,1290,62506368,3229703448,39,5,8,310410ff3001,134686225,609,247196004,3229703448,8.16666666666667,"2012/07/17 14:59:54.852000",310410ff3001,134686225,,,-106,-8,"2012/07/17 14:59:48.441000",310410ff3001,133136143,275,-99,-3.5,,,,,,,,,,3509,2952,,,900,893,0,0,0,0,5780,5780,10,10,0,0,0,1,,20,1,10,,0,2.5,2.62931034482759,2.5,2.5,,1,,,,,"2012/07/17 14:59:48.442000",133136143,134686225,7.58333333333333,7,,,-106,-8,1,275,-99,-3.5,,,,,,,2,0,310410ff3001,310410ff3001,32.9566,-96.6257,2.5,2.62931034482759,,,,,,,,,,,,,,,,,,,,,,,,,,,,,,,,,,,,,,,,,,,,,,,,,,,,,,,,,,,,,,,,,,,,,,,,,,,,,,,,,,4
,,,,"2012/07/17 14:59:42.555000",11501,33.0318,-96.7289,33.0318,-96.7289,310410ff3005,133407248,1100,65834921,3499286961,36,5,8,310410ff3005,133407248,1100,65834921,3499286961,10,"2012/07/17 14:59:54.519000",310410ff3005,133407248,,,,,,,,,,,,,,,,,,,,3116,2431,,,923,846,0,0,0,0,5780,5780,10,10,0,0,0,1,,20,1,10,,0,2.5,2.54310344827586,2.5,2.62931034482759,,,,,,,,,,,,,,,,,,,,,,,,,,,,,,,,,,,,,,,,,,,,,,,,,,,,,,,,,,,,,,,,,,,,,,,,,,,,,,,,,,,,,,,,,,,,,,,,,,,,,,,,,,,,,,,,,,,4
,,,,"2012/07/17 14:59:40.539000",14593,33.0445,-96.7351,33.0443,-96.7349,310410ff3005,133407247,1099,54189098,4038316816,23,5,8,310410ff3005,133407247,1099,54189098,4038316816,8.91666666666667,"2012/07/17 14:59:54.519000",310410ff3005,133407247,,,,,,,,,,,,,,,,,,,,9718,5770,,,6305,2157,2717,0,29896,0,5780,5780,10,10,0,0,0,1,,20,1,10,,0,2.5,2.62931034482759,2.5,2.62931034482759,,,,,,,,,,,,,,,,,,,,,,,,,,,,,,,,,,,,,,,,,,,,,,,,,,,,,,,,,,,,,,,,,,,,,,,,,,,,,,,,,,,,,,,,,,,,,,,,,,,,,,,,,,,,,,,,,,,4
,,,,"2012/07/17 14:59:38.335000",13230,32.8153,-96.8047,32.8153,-96.8047,310410ff3005,133197584,1024,23045986,4035740517,40,5,8,310410ff3005,133197584,1024,23045986,4035740517,3.5,"2012/07/17 14:59:51.088000",310410ff3005,133197584,,,,,,,,,,,,,,,,,,,,1609,2303,,,429,541,0,0,0,0,5780,5780,10,10,0,0,0,1,,20,1,10,,0,2.5390625,2.7991452991453,2.5,2.58620689655172,,,,,,,,,,,,,,,,,,,,,,,,,,,,,,,,,,,,,,,,,,,,,,,,,,,,,,,,,,,,,,,,,,,,,,,,,,,,,,,,,,,,,,,,,,,,,,,,,,,,,,,,,,,,,,,,,,,4
,,,,"2012/07/17 14:59:55.171000",159,33.1709,-97.0687,33.1709,-97.0687,310410ff3004,134668560,102,258430255,3233503289,44,5,8,310410ff3004,134668560,102,258430255,3233503289,,,,,,,,,,,,,,,,,,,,,,,,,,,,,,,,,,5780,5780,10,10,0,0,0,1,,,,5,,0,2.61811023622047,3.6965811965812,2.61811023622047,3.6965811965812,,,,,,,,,,,,,,,,,,,,,,,,,,,,,,,,,,,,,,,,,,,,,,,,,,,,,,,,,,,,,,,,,,,,,,,,,,,,,,,,,,,,,,,,,,,,,,,,,,,,,,,,,,,,,,,,,,,1
,,,,"2012/07/17 14:59:42.444000",11032,32.921,-96.9632,32.921,-96.9632,310410ff3001,133615888,976,256271678,3498523719,37,5,8,310410ff3001,133615888,976,256271678,3498523719,10.375,"2012/07/17 14:59:53.112000",310410ff3001,133615888,,,,,,,,,,,,,,,,,,,,1380,5826,,,551,482,0,0,0,0,5780,5780,10,10,0,0,0,1,,20,1,10,,0,2.5,2.58620689655172,2.5,2.5,,,,,,,,,,,,,,,,,,,,,,,,,,,,,,,,,,,,,,,,,,,,,,,,,,,,,,,,,,,,,,,,,,,,,,,,,,,,,,,,,,,,,,,,,,,,,,,,,,,,,,,,,,,,,,,,,,,4
,,,,"2012/07/17 14:59:49.706000",6623,32.8162,-96.8017,32.8162,-96.8017,,133197584,1030,256513466,,,,,310410ff3004,133197584,1030,256513466,,9.125,"2012/07/17 14:59:56.208000",310410ff3004,133197584,,,,,,,,,,,,,,,,,,,,390,724,,,,,0,0,0,0,,,,,,,,1,,20,1,10,,0,,,2.5,2.5,,,,,,,,,,,,,,,,,,,,,,,,,,,,,,,,,,,,,,,,,,,,,,,,,,,,,,,,,,,,,,,,,,,,,,,,,,,,,,,,,,,,,,,,,,,,,,,,,,,,,,,,,,,,,,,,,,,4
,,,,"2012/07/17 14:59:37.067000",14509,32.9757,-96.744,32.9757,-96.7438,310410ff3003,133227793,487,42837777,4038725942,41,5,8,310410ff3003,133227793,487,42837777,4038725942,13,"2012/07/17 14:59:51.226000",310410ff3003,133227793,,,,,,,,,,,,,,,,,,,,7787,5077,,,4217,1960,0,0,0,0,5780,5780,10,10,0,0,0,1,,20,1,10,,0,2.5,2.5,2.5,2.62931034482759,,,,,,,,,,,,,,,,,,,,,,,,,,,,,,,,,,,,,,,,,,,,,,,,,,,,,,,,,,,,,,,,,,,,,,,,,,,,,,,,,,,,,,,,,,,,,,,,,,,,,,,,,,,,,,,,,,,4
,,,,"2012/07/17 14:59:17.007000",33632,32.9754,-96.7472,32.9754,-96.7477,310410ff3001,133227793,475,217367778,4037262603,40,5,8,310410ff3001,133227793,475,217367778,4037262603,10,"2012/07/17 14:59:49.946000",310410ff3001,133227793,,,,,,,,,,,,,,,,,,,,3451,5207,,,1145,1293,0,7,0,199,5780,5780,10,10,0,0,0,1,,20,1,10,,0,2.5,2.71367521367521,2.53875968992248,2.67094017094017,,,,,,,,,,,,,,,,,,,,,,,,,,,,,,,,,,,,,,,,,,,,,,,,,,,,,,,,,,,,,,,,,,,,,,,,,,,,,,,,,,,,,,,,,,,,,,,,,,,,,,,,,,,,,,,,,,,4
,,,,"2012/07/17 14:59:43.634000",11029,32.9856,-96.7339,32.9856,-96.7339,310410ff3003,133227791,492,38522049,3233008836,40,5,8,310410ff3003,133227791,492,38522049,3233008836,8,"2012/07/17 14:59:53.786000",310410ff3003,133227791,,,,,,,,,,,,,,,,,,,,1090,1894,,,90,144,0,0,0,0,5780,5780,10,10,0,0,0,1,,20,1,10,,0,2.5,2.54273504273504,2.5,2.62820512820513,,,,,,,,,,,,,,,,,,,,,,,,,,,,,,,,,,,,,,,,,,,,,,,,,,,,,,,,,,,,,,,,,,,,,,,,,,,,,,,,,,,,,,,,,,,,,,,,,,,,,,,,,,,,,,,,,,,4
,,,,"2012/07/17 14:59:41.387000",11356,32.9755,-96.746,32.9755,-96.746,310410ff3003,133227793,491,46902268,3766346066,33,5,8,310410ff3003,133227793,491,46902268,3766346066,10.2916666666667,"2012/07/17 14:59:52.506000",310410ff3003,133227793,,,,,,,,,,,,,,,,,,,,5759,3499,,,3096,1418,0,0,0,0,5780,5780,10,10,0,0,0,1,,20,1,10,,0,2.5,2.58620689655172,2.5,2.62931034482759,,,,,,,,,,,,,,,,,,,,,,,,,,,,,,,,,,,,,,,,,,,,,,,,,,,,,,,,,,,,,,,,,,,,,,,,,,,,,,,,,,,,,,,,,,,,,,,,,,,,,,,,,,,,,,,,,,,4
,,,,"2012/07/17 14:59:40.685000",9886,32.9802,-96.7455,32.9801,-96.7452,310410ff3007,133227791,489,217315874,4034577129,38,5,8,310410ff3007,133227793,489,217315874,4034577129,7.47826086956522,"2012/07/17 14:59:52.506000",310410ff3007,133227793,,,-86,-10.5,"2012/07/17 14:59:45.941000",310410ff3007,133227791,113,-81,-4.5,,,,,,,,,,1266,1301,,,80,0,0,0,0,0,5780,5780,10,10,0,0,0,1,,20,1,10,,0,2.5,2.54273504273504,2.53875968992248,2.67094017094017,1,,,,,,"2012/07/17 14:59:45.942000",133227791,133227793,10.44,7,,,-86,-10.5,1,113,-81,-4.5,,,,,,,1,0,310410ff3007,310410ff3007,32.9791,-96.7455,2.5,2.54273504273504,,,,,,,,,,,,,,,,,,,,,,,,,,,,,,,,,,,,,,,,,,,,,,,,,,,,,,,,,,,,,,,,,,,,,,,,,,,,,,,,,,4
,,,,"2012/07/17 14:59:38.871000",12685,32.9654,-96.7357,32.9655,-96.7357,310410ff3007,133227792,488,208993004,3766098754,35,5,8,310410ff3007,133227792,495,216690958,3766098754,5.2,"2012/07/17 14:59:51.226000",310410ff3007,133227792,,,-98,-9.5,"2012/07/17 14:59:51.512000",310410ff3007,133227792,427,-94,-5,,,,,,,,,,1827,3077,,,52,52,0,0,0,0,5780,5780,10,10,0,0,0,1,,20,1,10,,0,2.5,2.5,2.5,2.62931034482759,,2,,,,,"2012/07/17 14:59:46.922000",133313296,133227792,7.125,8,,,-97,-8,1,112,-91,-6,,,,,,,2,0,310410ff3007,310410ff3007,32.8896,-96.3957,2.5,2.58620689655172,"2012/07/17 14:59:41.955000",133227792,133313296,6.08333333333333,8,,,-100,-13,1,427,-93,-4,,,,,,,2,0,310410ff3007,310410ff3007,32.8845,-96.3967,2.5,2.5,,,,,,,,,,,,,,,,,,,,,,,,,,,,,,,,,,,,,,,,,,,,,,,,,,,,,,,4
,,,,"2012/07/17 14:58:59.650000",6250,32.7385,-96.4529,32.8113,-96.7975,310410ff3006,133197839,985,16927175,3234414986,41,5,8,310410ff3006,133197839,985,16927175,3234414986,5.41666666666667,"2012/07/17 14:59:05.900000",310410ff3006,133197839,,,-109,-11.5,"2012/07/17 14:59:05.775000",310410ff3006,133197839,39,-104,-5.5,,,,,,,,,,3350,2611,,,444,663,0,11,0,57,5780,5780,10,10,0,0,0,,6,,,,,3,2.5,5.94827586206897,,,,,,,,,"2012/07/17 14:59:05.776000",133197839,133138959,5.41666666666667,,,,-109,-11.5,1,39,-104,-5.5,,,,,,,2,2,310410ff3006,,32.7377,-96.4535,2.5,5.94827586206897,,,,,,,,,,,,,,,,,,,,,,,,,,,,,,,,,,,,,,,,,,,,,,,,,,,,,,,,,,,,,,,,,,,,,,,,,,,,,,,,,,2
,,,,"2012/07/17 14:59:31.521000",24691,33.1855,-96.6291,33.1772,-96.6302,310410ff3005,133332239,104,194831968,3770211257,36,5,8,310410ff3005,133332239,104,194831968,3770211257,12.5833333333333,"2012/07/17 14:59:56.148000",310410ff3005,133332239,,,,,,,,,,,,,,,,,,,,12404,7179,,,10332,3693,0,0,0,0,5780,5780,10,10,0,0,0,1,,20,1,10,,0,2.5,3.36206896551724,7.57874015748031,12.6293103448276,,,,,,,,,,,,,,,,,,,,,,,,,,,,,,,,,,,,,,,,,,,,,,,,,,,,,,,,,,,,,,,,,,,,,,,,,,,,,,,,,,,,,,,,,,,,,,,,,,,,,,,,,,,,,,,,,,,4
,,,,"2012/07/17 14:59:41.661000",15979,33.1898,-96.641,33.1898,-96.641,310410ff3008,133332239,111,187523102,4038824137,32,5,8,310410ff3008,133332239,111,187523102,4038824137,11,"2012/07/17 14:59:57.428000",310410ff3008,133332239,,,,,,,,,,,,,,,,,,,,5536,4618,,,3057,2045,0,0,0,0,5780,5780,10,10,0,0,0,1,,20,1,10,,0,2.65625,2.97008547008547,13.125,3.27586206896552,,,,,,,,,,,,,,,,,,,,,,,,,,,,,,,,,,,,,,,,,,,,,,,,,,,,,,,,,,,,,,,,,,,,,,,,,,,,,,,,,,,,,,,,,,,,,,,,,,,,,,,,,,,,,,,,,,,4
,,,,"2012/07/17 14:59:13.559000",39352,32.9611,-96.8228,32.9611,-96.8228,310410ff3001,133381393,902,65450528,3230478138,36,5,8,310410ff3001,133381393,902,65450528,3230478138,13,"2012/07/17 14:59:52.852000",310410ff3001,133381393,,,,,,,,,,,,,,,,,,,,36891,46809,,,19045,28983,0,0,0,0,5780,5780,10,10,0,0,0,1,,20,1,10,,0,2.5,29.5258620689655,2.5,2.5,,,,,,,,,,,,,,,,,,,,,,,,,,,,,,,,,,,,,,,,,,,,,,,,,,,,,,,,,,,,,,,,,,,,,,,,,,,,,,,,,,,,,,,,,,,,,,,,,,,,,,,,,,,,,,,,,,,4
,,,,"2012/07/17 14:59:36.389000",14262,32.9605,-96.8238,32.9605,-96.8238,310410ff3003,133381393,924,252511077,4038675325,41,5,8,310410ff3003,133381393,924,252511077,4038675325,9.92,"2012/07/17 14:59:49.012000",310410ff3003,133381393,,,,,,,,,,,,,,,,,,,,2023,2101,,,371,272,0,0,0,0,5780,5780,10,10,0,0,0,1,,20,1,10,,0,2.5390625,2.71551724137931,2.5,2.58620689655172,,,,,,,,,,,,,,,,,,,,,,,,,,,,,,,,,,,,,,,,,,,,,,,,,,,,,,,,,,,,,,,,,,,,,,,,,,,,,,,,,,,,,,,,,,,,,,,,,,,,,,,,,,,,,,,,,,,4
,,,,"2012/07/17 14:59:35.059000",16744,32.9606,-96.8238,32.9606,-96.8238,310410ff3008,133381393,923,247214701,3230502549,40,5,8,310410ff3008,133381393,923,247214701,3230502549,10.7916666666667,"2012/07/17 14:59:51.572000",310410ff3008,133381393,,,,,,,,,,,,,,,,,,,,70257,21684,,,56845,12964,2067,0,14427,0,5780,5780,10,10,0,0,0,1,,20,1,10,,0,2.5,2.88793103448276,2.5,2.5,,,,,,,,,,,,,,,,,,,,,,,,,,,,,,,,,,,,,,,,,,,,,,,,,,,,,,,,,,,,,,,,,,,,,,,,,,,,,,,,,,,,,,,,,,,,,,,,,,,,,,,,,,,,,,,,,,,4
,,,,"2012/07/17 14:59:41.294000",10811,32.9498,-96.766,32.9498,-96.766,310410ff3005,133222159,343,36568879,3773035070,42,5,8,310410ff3005,133222159,343,36568879,3773035070,6.84210526315789,"2012/07/17 14:59:52.647000",310410ff3005,133222159,,,,,,,,,,,,,,,,,,,,866,1514,,,0,173,0,0,0,0,5780,5780,10,10,0,0,0,1,,20,1,10,,0,2.5,3.4051724137931,2.5,3.52564102564103,,,,,,,,,,,,,,,,,,,,,,,,,,,,,,,,,,,,,,,,,,,,,,,,,,,,,,,,,,,,,,,,,,,,,,,,,,,,,,,,,,,,,,,,,,,,,,,,,,,,,,,,,,,,,,,,,,,4
,,,,"2012/07/17 14:59:55.526000",579,32.9468,-96.7882,32.9468,-96.7882,310410ff3005,133143824,890,209846836,3230057452,41,,,310410ff3005,133143824,890,209846836,3230057452,1.375,"2012/07/17 14:59:56.038000",310410ff3005,133143824,,,,,,,,,,,,,,,,,,,,278,1701,,,,,0,0,0,0,,,,,0,,,1,,,,1,,0,2.5,2.97413793103448,2.5,3.06034482758621,,,,,,,,,,,,,,,,,,,,,,,,,,,,,,,,,,,,,,,,,,,,,,,,,,,,,,,,,,,,,,,,,,,,,,,,,,,,,,,,,,,,,,,,,,,,,,,,,,,,,,,,,,,,,,,,,,,4
,,,,"2012/07/17 14:58:28.716000",88357,33.0158,-96.6874,33.0157,-96.6874,310410ff3002,133385743,703,11537388,3235474245,33,5,8,310410ff3002,133385743,703,11537388,3235474245,10.875,"2012/07/17 14:59:56.759000",310410ff3002,133385743,,,,,,,,,,,,,,,,,,,,328801,2594237,,,194831,2344273,1858,839,24008,7653,5780,5780,10,10,0,0,0,1,,20,1,10,,0,2.5,6.5948275862069,2.6953125,2.62931034482759,,,,,,,,,,,,,,,,,,,,,,,,,,,,,,,,,,,,,,,,,,,,,,,,,,,,,,,,,,,,,,,,,,,,,,,,,,,,,,,,,,,,,,,,,,,,,,,,,,,,,,,,,,,,,,,,,,,4
,,,,"2012/07/17 14:59:23.299000",35270,32.9583,-96.8027,32.9586,-96.8027,310410ff3003,133143823,869,180902998,3767827778,45,5,8,310410ff3003,133143823,869,180902998,3767827778,11.875,"2012/07/17 14:59:58.598000",310410ff3003,133143823,,,,,,,,,,,,,,,,,,,,382684,168409,,,349727,142788,857,482,10594,6064,5780,5780,10,10,0,0,0,1,,20,1,10,,0,2.578125,2.62931034482759,2.5,2.62931034482759,,,,,,,,,,,,,,,,,,,,,,,,,,,,,,,,,,,,,,,,,,,,,,,,,,,,,,,,,,,,,,,,,,,,,,,,,,,,,,,,,,,,,,,,,,,,,,,,,,,,,,,,,,,,,,,,,,,4
,,,,"2012/07/17 14:59:46.689000",10764,33.0073,-96.6768,33.0073,-96.6768,310410ff3006,133385744,772,53850951,4038185184,37,5,8,310410ff3006,133385744,772,53850951,4038185184,12.125,"2012/07/17 14:59:56.760000",310410ff3006,133385744,,,,,,,,,,,,,,,,,,,,840,486,,,0,52,0,0,0,0,5780,5780,10,10,0,0,0,1,,20,1,10,,0,2.5,2.80172413793103,2.6953125,2.62931034482759,,,,,,,,,,,,,,,,,,,,,,,,,,,,,,,,,,,,,,,,,,,,,,,,,,,,,,,,,,,,,,,,,,,,,,,,,,,,,,,,,,,,,,,,,,,,,,,,,,,,,,,,,,,,,,,,,,,4
,,,,"2012/07/17 14:59:47.906000",11199,32.7525,-97.081,32.7525,-97.081,310410ff3003,133143824,885,176579371,3769676293,40,5,8,310410ff3003,133143824,885,176579371,3769676293,3.05882352941176,"2012/07/17 14:59:59.878000",310410ff3003,133143824,,,-113,-13,"2012/07/17 14:59:59.119000",310410ff3003,133143824,495,-104,-3,,,,,,,,,,5463,5223,,,1678,1245,231,0,2312,0,5780,5780,10,10,0,0,0,1,,20,1,10,,0,2.5,2.71367521367521,2.5,2.62931034482759,,,,,,,,,,,,,,,,,,,,,,,,,,,,,,,,,,,,,,,,,,,,,,,,,,,,,,,,,,,,,,,,,,,,,,,,,,,,,,,,,,,,,,,,,,,,,,,,,,,,,,,,,,,,,,,,,,,4
,,,,"2012/07/17 14:58:53.029000",61911,32.9607,-96.8025,32.9608,-96.8042,310410ff3004,133143823,851,247798032,3501535656,41,5,8,310410ff3004,133143823,881,236964613,3501535656,8.68,"2012/07/17 14:59:54.758000",310410ff3004,133143823,,,-89,-5,"2012/07/17 14:59:46.082000",310410ff3004,133143823,209,-87,-4.5,217,-87,-5,,,,,,,35108,40030,,,5264,9896,0,0,0,0,5780,5780,10,10,0,0,0,1,,20,1,10,,0,2.5390625,9.78448275862069,2.5,2.97413793103448,,5,,,,,"2012/07/17 14:59:38.815000",133411344,133143823,8.16,9,,,-95,-10.5,1,54,-87,-3,,,,,,,2,0,310410ff3004,310410ff3004,32.8804,-96.4638,2.5,2.58620689655172,"2012/07/17 14:59:11.876000",133381392,133411344,7.9,4,,,-100,-7.5,1,217,-94,-3.5,,,,,,,2,0,310410ff3004,310410ff3004,32.8846,-96.4704,3.1640625,22.1551724137931,"2012/07/17 14:59:01.405000",133411344,133381392,7.83333333333333,7,,,-99,-8,1,358,-93,-3,,,,,,,2,0,310410ff3004,310410ff3004,32.885,-96.4743,2.5,2.54310344827586,"2012/07/17 14:58:56.388000",133381392,133411344,9.44,7,,,-98,-6.5,1,217,-93,-3,,,,,,,2,0,310410ff3004,310410ff3004,32.8849,-96.4699,2.5,2.5,4
,,,,"2012/07/17 14:59:40.810000",11890,33.1029,-97.0186,33.1029,-97.0186,310410ff3007,134682640,1296,182827431,4034659718,36,5,8,310410ff3007,134682640,1296,182827431,4034659718,10,"2012/07/17 14:59:51.938000",310410ff3007,134682640,,,,,,,,,,,,,,,,,,,,2244,2758,,,470,478,0,0,0,0,5780,5780,10,10,0,0,0,1,,20,1,10,,0,2.5390625,2.58547008547009,2.5,2.67241379310345,,,,,,,,,,,,,,,,,,,,,,,,,,,,,,,,,,,,,,,,,,,,,,,,,,,,,,,,,,,,,,,,,,,,,,,,,,,,,,,,,,,,,,,,,,,,,,,,,,,,,,,,,,,,,,,,,,,4
,,,,"2012/07/17 14:59:21.247000",32093,33.115,-97.0444,33.115,-97.0444,310410ff3008,134682641,1285,175195994,3768895303,40,5,8,310410ff3008,134682641,1285,175195994,3768895303,9.91666666666667,"2012/07/17 14:59:53.218000",310410ff3008,134682641,,,,,,,,,,,,,,,,,,,,149269,66965,,,132864,48454,2868,0,50026,0,5780,5780,10,10,0,0,0,1,,20,1,10,,0,2.5,2.58620689655172,2.53875968992248,2.58547008547009,,,,,,,,,,,,,,,,,,,,,,,,,,,,,,,,,,,,,,,,,,,,,,,,,,,,,,,,,,,,,,,,,,,,,,,,,,,,,,,,,,,,,,,,,,,,,,,,,,,,,,,,,,,,,,,,,,,4
,,,,"2012/07/17 14:59:36.724000",17016,33.1388,-97.0436,33.139,-97.044,310410ff3008,134682639,1294,168619521,3498305307,33,5,8,310410ff3008,134682639,1300,172966327,3498305307,6.54166666666667,"2012/07/17 14:59:53.218000",310410ff3008,134682639,,,-119,-13,"2012/07/17 14:59:45.096000",310410ff3008,134694671,372,-111,-3,,,,,,,,,,16295,7576,,0.08,8009,2935,136,5,1638,60,5780,5780,10,10,0,0,0,1,,20,1,10,,0,2.5,2.54273504273504,2.53875968992248,2.58547008547009,,3,,,,,"2012/07/17 14:59:45.098000",134694671,134682639,5.32258064516129,7,,,-119,-13,1,372,-111,-3,,,,,,,2,0,310410ff3008,310410ff3008,33.0405,-96.6945,2.5,2.5,"2012/07/17 14:59:43.834000",133619472,134694671,4.64,5,,,-122,-12.5,1,378,-116,-3,,,,,,,2,0,310410ff3008,310410ff3008,33.0345,-96.708,2.5,2.5,"2012/07/17 14:59:37.169000",134682639,133619472,5.51851851851852,5,,,-115,-10,1,205,-110,-5,,,,,,,2,0,310410ff3008,310410ff3008,33.0733,-96.715,2.5,2.54273504273504,,,,,,,,,,,,,,,,,,,,,,,,,,,,4
,,,,"2012/07/17 14:59:46.851000",11865,33.1694,-97.0651,33.1694,-97.0651,310410ff3004,134668560,94,265099891,4039257366,38,5,8,310410ff3004,134668560,94,265099891,4039257366,8,"2012/07/17 14:59:57.924000",310410ff3004,134668560,,,,,,,,,,,,,,,,,,,,9489,4956,,,6140,1671,476,0,4288,0,5780,5780,10,10,0,0,0,1,,20,1,10,,0,2.5,2.62931034482759,2.65503875968992,4.31034482758621,,,,,,,,,,,,,,,,,,,,,,,,,,,,,,,,,,,,,,,,,,,,,,,,,,,,,,,,,,,,,,,,,,,,,,,,,,,,,,,,,,,,,,,,,,,,,,,,,,,,,,,,,,,,,,,,,,,4
,,,,"2012/07/17 14:59:48.025000",10871,33.172,-97.0997,33.172,-97.0997,310410ff3004,134668561,95,267377910,3773592372,39,5,8,310410ff3004,134668561,95,267377910,3773592372,8.16666666666667,"2012/07/17 14:59:57.924000",310410ff3004,134668561,,,,,,,,,,,,,,,,,,,,14,279,,,,,0,0,0,0,5780,5780,10,10,0,0,0,1,,20,1,10,,0,2.65503875968992,3.22649572649573,2.65503875968992,4.31034482758621,,,,,,,,,,,,,,,,,,,,,,,,,,,,,,,,,,,,,,,,,,,,,,,,,,,,,,,,,,,,,,,,,,,,,,,,,,,,,,,,,,,,,,,,,,,,,,,,,,,,,,,,,,,,,,,,,,,4
,,,,"2012/07/17 14:59:42.209000",16569,32.9441,-96.7976,32.9442,-96.798,310410ff3002,133198353,1016,255350142,3772360712,37,5,8,310410ff3002,133198353,1016,255350142,3772360712,8.45833333333333,"2012/07/17 14:59:58.276000",310410ff3002,133198353,,,,,,,,,,,,,,,,,,,,17126,6282,,,13112,3130,847,0,10170,0,5780,5780,10,10,0,0,0,1,,20,1,10,,0,2.5,2.5,2.5,2.5,,,,,,,,,,,,,,,,,,,,,,,,,,,,,,,,,,,,,,,,,,,,,,,,,,,,,,,,,,,,,,,,,,,,,,,,,,,,,,,,,,,,,,,,,,,,,,,,,,,,,,,,,,,,,,,,,,,4
,,,,"2012/07/17 14:59:40.502000",15766,33.1807,-97.1004,33.1815,-97.0998,310410ff3008,134706704,610,194042937,3233330044,40,5,8,310410ff3008,134706704,610,194042937,3233330044,3,"2012/07/17 14:59:56.557000",310410ff3008,134706704,,,,,,,,,,,,,,,,,,,,1341,1580,,,92,52,0,0,0,0,5780,5780,10,10,0,0,0,1,,20,1,10,,0,2.5,3.65384615384615,2.578125,3.18965517241379,,,,,,,,,,,,,,,,,,,,,,,,,,,,,,,,,,,,,,,,,,,,,,,,,,,,,,,,,,,,,,,,,,,,,,,,,,,,,,,,,,,,,,,,,,,,,,,,,,,,,,,,,,,,,,,,,,,4
